target_enzyme,target_family,stage,compound_a,compound_b,dose_relative,predicted_inhibition,weed_activity_remaining,crop_activity_remaining,selectivity_index,model,evidence_class
cellulase,CAZy,germination,2-hydroxyethylphosphonate,"3,4-dihydroxybenzoate",0.0,0.0,1.0,1.0,1.0,Hill dose-response with Bliss/synergy-derived maximum effect,pseudo_lab_model_inference
cellulase,CAZy,germination,2-hydroxyethylphosphonate,"3,4-dihydroxybenzoate",0.03,0.005212200180032152,0.9947877998199679,0.9991962637211025,1.0044315620898572,Hill dose-response with Bliss/synergy-derived maximum effect,pseudo_lab_model_inference
cellulase,CAZy,germination,2-hydroxyethylphosphonate,"3,4-dihydroxybenzoate",0.1,0.030085723210751696,0.9699142767892484,0.9953606948340192,1.026235739233582,Hill dose-response with Bliss/synergy-derived maximum effect,pseudo_lab_model_inference
cellulase,CAZy,germination,2-hydroxyethylphosphonate,"3,4-dihydroxybenzoate",0.3,0.13456383165996477,0.8654361683400352,0.9792498696141982,1.131510220438863,Hill dose-response with Bliss/synergy-derived maximum effect,pseudo_lab_model_inference
cellulase,CAZy,germination,2-hydroxyethylphosphonate,"3,4-dihydroxybenzoate",1.0,0.4605804761379315,0.5394195238620685,0.9289771641077597,1.7221793483791337,Hill dose-response with Bliss/synergy-derived maximum effect,pseudo_lab_model_inference
cellulase,CAZy,germination,2-hydroxyethylphosphonate,"3,4-dihydroxybenzoate",3.0,0.7602568567428574,0.23974314325714263,0.8827662031505039,3.682133266283534,Hill dose-response with Bliss/synergy-derived maximum effect,pseudo_lab_model_inference
cellulase,CAZy,germination,2-hydroxyethylphosphonate,"3,4-dihydroxybenzoate",10.0,0.876500299041075,0.12349970095892504,0.864841129567005,7.0027791391547085,Hill dose-response with Bliss/synergy-derived maximum effect,pseudo_lab_model_inference
EPSP synthase,EPSPS,early_vegetative,2-hydroxyethylphosphonate,"3,4-dihydroxybenzoate",0.0,0.0,1.0,1.0,1.0,Hill dose-response with Bliss/synergy-derived maximum effect,pseudo_lab_model_inference
EPSP synthase,EPSPS,early_vegetative,2-hydroxyethylphosphonate,"3,4-dihydroxybenzoate",0.03,0.005212200180032152,0.9947877998199679,0.9991962637211025,1.0044315620898572,Hill dose-response with Bliss/synergy-derived maximum effect,pseudo_lab_model_inference
EPSP synthase,EPSPS,early_vegetative,2-hydroxyethylphosphonate,"3,4-dihydroxybenzoate",0.1,0.030085723210751696,0.9699142767892484,0.9953606948340192,1.026235739233582,Hill dose-response with Bliss/synergy-derived maximum effect,pseudo_lab_model_inference
EPSP synthase,EPSPS,early_vegetative,2-hydroxyethylphosphonate,"3,4-dihydroxybenzoate",0.3,0.13456383165996477,0.8654361683400352,0.9792498696141982,1.131510220438863,Hill dose-response with Bliss/synergy-derived maximum effect,pseudo_lab_model_inference
EPSP synthase,EPSPS,early_vegetative,2-hydroxyethylphosphonate,"3,4-dihydroxybenzoate",1.0,0.4605804761379315,0.5394195238620685,0.9289771641077597,1.7221793483791337,Hill dose-response with Bliss/synergy-derived maximum effect,pseudo_lab_model_inference
EPSP synthase,EPSPS,early_vegetative,2-hydroxyethylphosphonate,"3,4-dihydroxybenzoate",3.0,0.7602568567428574,0.23974314325714263,0.8827662031505039,3.682133266283534,Hill dose-response with Bliss/synergy-derived maximum effect,pseudo_lab_model_inference
EPSP synthase,EPSPS,early_vegetative,2-hydroxyethylphosphonate,"3,4-dihydroxybenzoate",10.0,0.876500299041075,0.12349970095892504,0.864841129567005,7.0027791391547085,Hill dose-response with Bliss/synergy-derived maximum effect,pseudo_lab_model_inference
acetolactate synthase,ALS/AHAS,seedling_emergence,2-hydroxyethylphosphonate,"3,4-dihydroxybenzoate",0.0,0.0,1.0,1.0,1.0,Hill dose-response with Bliss/synergy-derived maximum effect,pseudo_lab_model_inference
acetolactate synthase,ALS/AHAS,seedling_emergence,2-hydroxyethylphosphonate,"3,4-dihydroxybenzoate",0.03,0.005212200180032152,0.9947877998199679,0.9991962637211025,1.0044315620898572,Hill dose-response with Bliss/synergy-derived maximum effect,pseudo_lab_model_inference
acetolactate synthase,ALS/AHAS,seedling_emergence,2-hydroxyethylphosphonate,"3,4-dihydroxybenzoate",0.1,0.030085723210751696,0.9699142767892484,0.9953606948340192,1.026235739233582,Hill dose-response with Bliss/synergy-derived maximum effect,pseudo_lab_model_inference
acetolactate synthase,ALS/AHAS,seedling_emergence,2-hydroxyethylphosphonate,"3,4-dihydroxybenzoate",0.3,0.13456383165996477,0.8654361683400352,0.9792498696141982,1.131510220438863,Hill dose-response with Bliss/synergy-derived maximum effect,pseudo_lab_model_inference
acetolactate synthase,ALS/AHAS,seedling_emergence,2-hydroxyethylphosphonate,"3,4-dihydroxybenzoate",1.0,0.4605804761379315,0.5394195238620685,0.9289771641077597,1.7221793483791337,Hill dose-response with Bliss/synergy-derived maximum effect,pseudo_lab_model_inference
acetolactate synthase,ALS/AHAS,seedling_emergence,2-hydroxyethylphosphonate,"3,4-dihydroxybenzoate",3.0,0.7602568567428574,0.23974314325714263,0.8827662031505039,3.682133266283534,Hill dose-response with Bliss/synergy-derived maximum effect,pseudo_lab_model_inference
acetolactate synthase,ALS/AHAS,seedling_emergence,2-hydroxyethylphosphonate,"3,4-dihydroxybenzoate",10.0,0.876500299041075,0.12349970095892504,0.864841129567005,7.0027791391547085,Hill dose-response with Bliss/synergy-derived maximum effect,pseudo_lab_model_inference
GH13_11,GH,germination,2-hydroxyethylphosphonate,"3,4-dihydroxybenzoate",0.0,0.0,1.0,1.0,1.0,Hill dose-response with Bliss/synergy-derived maximum effect,pseudo_lab_model_inference
GH13_11,GH,germination,2-hydroxyethylphosphonate,"3,4-dihydroxybenzoate",0.03,0.004770212378608447,0.9952297876213916,0.9992724428065772,1.0040620319402291,Hill dose-response with Bliss/synergy-derived maximum effect,pseudo_lab_model_inference
GH13_11,GH,germination,2-hydroxyethylphosphonate,"3,4-dihydroxybenzoate",0.1,0.02754347100295605,0.9724565289970439,0.995799044388485,1.0240036594905848,Hill dose-response with Bliss/synergy-derived maximum effect,pseudo_lab_model_inference
GH13_11,GH,germination,2-hydroxyethylphosphonate,"3,4-dihydroxybenzoate",0.3,0.12336210530696576,0.8766378946930342,0.9811846978733368,1.1192588226144513,Hill dose-response with Bliss/synergy-derived maximum effect,pseudo_lab_model_inference
GH13_11,GH,germination,2-hydroxyethylphosphonate,"3,4-dihydroxybenzoate",1.0,0.42405436548003494,0.575945634519965,0.9353228369053557,1.6239776479683221,Hill dose-response with Bliss/synergy-derived maximum effect,pseudo_lab_model_inference
GH13_11,GH,germination,2-hydroxyethylphosphonate,"3,4-dihydroxybenzoate",3.0,0.7027413927346174,0.29725860726538256,0.8928172343661577,3.0035033891182845,Hill dose-response with Bliss/synergy-derived maximum effect,pseudo_lab_model_inference
GH13_11,GH,germination,2-hydroxyethylphosphonate,"3,4-dihydroxybenzoate",10.0,0.8114391476214357,0.18856085237856435,0.8762385524962562,4.646980226505739,Hill dose-response with Bliss/synergy-derived maximum effect,pseudo_lab_model_inference
acetolactate synthase,ALS/AHAS,seedling_emergence,2-(2-hydroxyethylthio)ethanesulfonate,"3,4-dihydroxybenzoate",0.0,0.0,1.0,1.0,1.0,Hill dose-response with Bliss/synergy-derived maximum effect,pseudo_lab_model_inference
acetolactate synthase,ALS/AHAS,seedling_emergence,2-(2-hydroxyethylthio)ethanesulfonate,"3,4-dihydroxybenzoate",0.03,0.012465935353437754,0.9875340646465622,0.9980777168666061,1.0106767478687608,Hill dose-response with Bliss/synergy-derived maximum effect,pseudo_lab_model_inference
acetolactate synthase,ALS/AHAS,seedling_emergence,2-(2-hydroxyethylthio)ethanesulfonate,"3,4-dihydroxybenzoate",0.1,0.050997672025994034,0.949002327974006,0.9921360121002962,1.0454516104490228,Hill dose-response with Bliss/synergy-derived maximum effect,pseudo_lab_model_inference
acetolactate synthase,ALS/AHAS,seedling_emergence,2-(2-hydroxyethylthio)ethanesulfonate,"3,4-dihydroxybenzoate",0.3,0.16535565515710554,0.8346443448428944,0.9745016817504875,1.1675651884203666,Hill dose-response with Bliss/synergy-derived maximum effect,pseudo_lab_model_inference
acetolactate synthase,ALS/AHAS,seedling_emergence,2-(2-hydroxyethylthio)ethanesulfonate,"3,4-dihydroxybenzoate",1.0,0.43522784391979663,0.5647721560802034,0.9328866130113769,1.6517928565849793,Hill dose-response with Bliss/synergy-derived maximum effect,pseudo_lab_model_inference
acetolactate synthase,ALS/AHAS,seedling_emergence,2-(2-hydroxyethylthio)ethanesulfonate,"3,4-dihydroxybenzoate",3.0,0.6855796408053658,0.3144203591946342,0.894281644918447,2.8442230878721944,Hill dose-response with Bliss/synergy-derived maximum effect,pseudo_lab_model_inference
acetolactate synthase,ALS/AHAS,seedling_emergence,2-(2-hydroxyethylthio)ethanesulfonate,"3,4-dihydroxybenzoate",10.0,0.8152533582967874,0.18474664170321264,0.8742855842209635,4.732348995146904,Hill dose-response with Bliss/synergy-derived maximum effect,pseudo_lab_model_inference
cellulase,CAZy,germination,2-(2-hydroxyethylthio)ethanesulfonate,"3,4-dihydroxybenzoate",0.0,0.0,1.0,1.0,1.0,Hill dose-response with Bliss/synergy-derived maximum effect,pseudo_lab_model_inference
cellulase,CAZy,germination,2-(2-hydroxyethylthio)ethanesulfonate,"3,4-dihydroxybenzoate",0.03,0.012465935353437754,0.9875340646465622,0.9980777168666061,1.0106767478687608,Hill dose-response with Bliss/synergy-derived maximum effect,pseudo_lab_model_inference
cellulase,CAZy,germination,2-(2-hydroxyethylthio)ethanesulfonate,"3,4-dihydroxybenzoate",0.1,0.050997672025994034,0.949002327974006,0.9921360121002962,1.0454516104490228,Hill dose-response with Bliss/synergy-derived maximum effect,pseudo_lab_model_inference
cellulase,CAZy,germination,2-(2-hydroxyethylthio)ethanesulfonate,"3,4-dihydroxybenzoate",0.3,0.16535565515710554,0.8346443448428944,0.9745016817504875,1.1675651884203666,Hill dose-response with Bliss/synergy-derived maximum effect,pseudo_lab_model_inference
cellulase,CAZy,germination,2-(2-hydroxyethylthio)ethanesulfonate,"3,4-dihydroxybenzoate",1.0,0.43522784391979663,0.5647721560802034,0.9328866130113769,1.6517928565849793,Hill dose-response with Bliss/synergy-derived maximum effect,pseudo_lab_model_inference
cellulase,CAZy,germination,2-(2-hydroxyethylthio)ethanesulfonate,"3,4-dihydroxybenzoate",3.0,0.6855796408053658,0.3144203591946342,0.894281644918447,2.8442230878721944,Hill dose-response with Bliss/synergy-derived maximum effect,pseudo_lab_model_inference
cellulase,CAZy,germination,2-(2-hydroxyethylthio)ethanesulfonate,"3,4-dihydroxybenzoate",10.0,0.8152533582967874,0.18474664170321264,0.8742855842209635,4.732348995146904,Hill dose-response with Bliss/synergy-derived maximum effect,pseudo_lab_model_inference
EPSP synthase,EPSPS,early_vegetative,2-(2-hydroxyethylthio)ethanesulfonate,"3,4-dihydroxybenzoate",0.0,0.0,1.0,1.0,1.0,Hill dose-response with Bliss/synergy-derived maximum effect,pseudo_lab_model_inference
EPSP synthase,EPSPS,early_vegetative,2-(2-hydroxyethylthio)ethanesulfonate,"3,4-dihydroxybenzoate",0.03,0.012465935353437754,0.9875340646465622,0.9980777168666061,1.0106767478687608,Hill dose-response with Bliss/synergy-derived maximum effect,pseudo_lab_model_inference
EPSP synthase,EPSPS,early_vegetative,2-(2-hydroxyethylthio)ethanesulfonate,"3,4-dihydroxybenzoate",0.1,0.050997672025994034,0.949002327974006,0.9921360121002962,1.0454516104490228,Hill dose-response with Bliss/synergy-derived maximum effect,pseudo_lab_model_inference
EPSP synthase,EPSPS,early_vegetative,2-(2-hydroxyethylthio)ethanesulfonate,"3,4-dihydroxybenzoate",0.3,0.16535565515710554,0.8346443448428944,0.9745016817504875,1.1675651884203666,Hill dose-response with Bliss/synergy-derived maximum effect,pseudo_lab_model_inference
EPSP synthase,EPSPS,early_vegetative,2-(2-hydroxyethylthio)ethanesulfonate,"3,4-dihydroxybenzoate",1.0,0.43522784391979663,0.5647721560802034,0.9328866130113769,1.6517928565849793,Hill dose-response with Bliss/synergy-derived maximum effect,pseudo_lab_model_inference
EPSP synthase,EPSPS,early_vegetative,2-(2-hydroxyethylthio)ethanesulfonate,"3,4-dihydroxybenzoate",3.0,0.6855796408053658,0.3144203591946342,0.894281644918447,2.8442230878721944,Hill dose-response with Bliss/synergy-derived maximum effect,pseudo_lab_model_inference
EPSP synthase,EPSPS,early_vegetative,2-(2-hydroxyethylthio)ethanesulfonate,"3,4-dihydroxybenzoate",10.0,0.8152533582967874,0.18474664170321264,0.8742855842209635,4.732348995146904,Hill dose-response with Bliss/synergy-derived maximum effect,pseudo_lab_model_inference
GH13_11,GH,germination,2-hydroxyethylphosphonate,2-(2-hydroxyethylthio)ethanesulfonate,0.0,0.0,1.0,1.0,1.0,Hill dose-response with Bliss/synergy-derived maximum effect,pseudo_lab_model_inference
GH13_11,GH,germination,2-hydroxyethylphosphonate,2-(2-hydroxyethylthio)ethanesulfonate,0.03,0.004503964948437749,0.9954960350515623,0.9993130511102912,1.0038342855464324,Hill dose-response with Bliss/synergy-derived maximum effect,pseudo_lab_model_inference
GH13_11,GH,germination,2-hydroxyethylphosphonate,2-(2-hydroxyethylthio)ethanesulfonate,0.1,0.02621773148356586,0.9737822685164341,0.9960012474032318,1.0228171939510138,Hill dose-response with Bliss/synergy-derived maximum effect,pseudo_lab_model_inference
GH13_11,GH,germination,2-hydroxyethylphosphonate,2-(2-hydroxyethylthio)ethanesulfonate,0.3,0.11862220724717397,0.881377792752826,0.9819076314988829,1.1140598725911506,Hill dose-response with Bliss/synergy-derived maximum effect,pseudo_lab_model_inference
GH13_11,GH,germination,2-hydroxyethylphosphonate,2-(2-hydroxyethylthio)ethanesulfonate,1.0,0.4143201416634848,0.5856798583365153,0.9368075097035478,1.59952147298411,Hill dose-response with Bliss/synergy-derived maximum effect,pseudo_lab_model_inference
GH13_11,GH,germination,2-hydroxyethylphosphonate,2-(2-hydroxyethylthio)ethanesulfonate,3.0,0.6937492675652887,0.30625073243471135,0.8941887215939468,2.91979292420003,Hill dose-response with Bliss/synergy-derived maximum effect,pseudo_lab_model_inference
GH13_11,GH,germination,2-hydroxyethylphosphonate,2-(2-hydroxyethylthio)ethanesulfonate,10.0,0.8034790538023348,0.19652094619766525,0.8774526333502615,4.464931857531867,Hill dose-response with Bliss/synergy-derived maximum effect,pseudo_lab_model_inference
acetolactate synthase,ALS/AHAS,seedling_emergence,(2-amino-1-hydroxyethyl)phosphonate,"3,4-dihydroxybenzoate",0.0,0.0,1.0,1.0,1.0,Hill dose-response with Bliss/synergy-derived maximum effect,pseudo_lab_model_inference
acetolactate synthase,ALS/AHAS,seedling_emergence,(2-amino-1-hydroxyethyl)phosphonate,"3,4-dihydroxybenzoate",0.03,0.0025829873191779646,0.9974170126808221,0.9996016959163793,1.0021903408582187,Hill dose-response with Bliss/synergy-derived maximum effect,pseudo_lab_model_inference
acetolactate synthase,ALS/AHAS,seedling_emergence,(2-amino-1-hydroxyethyl)phosphonate,"3,4-dihydroxybenzoate",0.1,0.018875236351757693,0.9811247636482423,0.9970893841938783,1.0162717537434003,Hill dose-response with Bliss/synergy-derived maximum effect,pseudo_lab_model_inference
acetolactate synthase,ALS/AHAS,seedling_emergence,(2-amino-1-hydroxyethyl)phosphonate,"3,4-dihydroxybenzoate",0.3,0.10624913620068836,0.8937508637993117,0.9836160772003416,1.1005483933397449,Hill dose-response with Bliss/synergy-derived maximum effect,pseudo_lab_model_inference
acetolactate synthase,ALS/AHAS,seedling_emergence,(2-amino-1-hydroxyethyl)phosphonate,"3,4-dihydroxybenzoate",1.0,0.4507387624839481,0.5492612375160519,0.9304947846973393,1.6940842009994306,Hill dose-response with Bliss/synergy-derived maximum effect,pseudo_lab_model_inference
acetolactate synthase,ALS/AHAS,seedling_emergence,(2-amino-1-hydroxyethyl)phosphonate,"3,4-dihydroxybenzoate",3.0,0.7807915326444884,0.21920846735551158,0.8795996969866058,4.0126173390924444,Hill dose-response with Bliss/synergy-derived maximum effect,pseudo_lab_model_inference
acetolactate synthase,ALS/AHAS,seedling_emergence,(2-amino-1-hydroxyethyl)phosphonate,"3,4-dihydroxybenzoate",10.0,0.888169800746113,0.11183019925388704,0.8630416587959232,7.717429321900499,Hill dose-response with Bliss/synergy-derived maximum effect,pseudo_lab_model_inference
EPSP synthase,EPSPS,early_vegetative,(2-amino-1-hydroxyethyl)phosphonate,"3,4-dihydroxybenzoate",0.0,0.0,1.0,1.0,1.0,Hill dose-response with Bliss/synergy-derived maximum effect,pseudo_lab_model_inference
EPSP synthase,EPSPS,early_vegetative,(2-amino-1-hydroxyethyl)phosphonate,"3,4-dihydroxybenzoate",0.03,0.0025829873191779646,0.9974170126808221,0.9996016959163793,1.0021903408582187,Hill dose-response with Bliss/synergy-derived maximum effect,pseudo_lab_model_inference
EPSP synthase,EPSPS,early_vegetative,(2-amino-1-hydroxyethyl)phosphonate,"3,4-dihydroxybenzoate",0.1,0.018875236351757693,0.9811247636482423,0.9970893841938783,1.0162717537434003,Hill dose-response with Bliss/synergy-derived maximum effect,pseudo_lab_model_inference
EPSP synthase,EPSPS,early_vegetative,(2-amino-1-hydroxyethyl)phosphonate,"3,4-dihydroxybenzoate",0.3,0.10624913620068836,0.8937508637993117,0.9836160772003416,1.1005483933397449,Hill dose-response with Bliss/synergy-derived maximum effect,pseudo_lab_model_inference
EPSP synthase,EPSPS,early_vegetative,(2-amino-1-hydroxyethyl)phosphonate,"3,4-dihydroxybenzoate",1.0,0.4507387624839481,0.5492612375160519,0.9304947846973393,1.6940842009994306,Hill dose-response with Bliss/synergy-derived maximum effect,pseudo_lab_model_inference
EPSP synthase,EPSPS,early_vegetative,(2-amino-1-hydroxyethyl)phosphonate,"3,4-dihydroxybenzoate",3.0,0.7807915326444884,0.21920846735551158,0.8795996969866058,4.0126173390924444,Hill dose-response with Bliss/synergy-derived maximum effect,pseudo_lab_model_inference
EPSP synthase,EPSPS,early_vegetative,(2-amino-1-hydroxyethyl)phosphonate,"3,4-dihydroxybenzoate",10.0,0.888169800746113,0.11183019925388704,0.8630416587959232,7.717429321900499,Hill dose-response with Bliss/synergy-derived maximum effect,pseudo_lab_model_inference
cellulase,CAZy,germination,(2-amino-1-hydroxyethyl)phosphonate,"3,4-dihydroxybenzoate",0.0,0.0,1.0,1.0,1.0,Hill dose-response with Bliss/synergy-derived maximum effect,pseudo_lab_model_inference
cellulase,CAZy,germination,(2-amino-1-hydroxyethyl)phosphonate,"3,4-dihydroxybenzoate",0.03,0.0025829873191779646,0.9974170126808221,0.9996016959163793,1.0021903408582187,Hill dose-response with Bliss/synergy-derived maximum effect,pseudo_lab_model_inference
cellulase,CAZy,germination,(2-amino-1-hydroxyethyl)phosphonate,"3,4-dihydroxybenzoate",0.1,0.018875236351757693,0.9811247636482423,0.9970893841938783,1.0162717537434003,Hill dose-response with Bliss/synergy-derived maximum effect,pseudo_lab_model_inference
cellulase,CAZy,germination,(2-amino-1-hydroxyethyl)phosphonate,"3,4-dihydroxybenzoate",0.3,0.10624913620068836,0.8937508637993117,0.9836160772003416,1.1005483933397449,Hill dose-response with Bliss/synergy-derived maximum effect,pseudo_lab_model_inference
cellulase,CAZy,germination,(2-amino-1-hydroxyethyl)phosphonate,"3,4-dihydroxybenzoate",1.0,0.4507387624839481,0.5492612375160519,0.9304947846973393,1.6940842009994306,Hill dose-response with Bliss/synergy-derived maximum effect,pseudo_lab_model_inference
cellulase,CAZy,germination,(2-amino-1-hydroxyethyl)phosphonate,"3,4-dihydroxybenzoate",3.0,0.7807915326444884,0.21920846735551158,0.8795996969866058,4.0126173390924444,Hill dose-response with Bliss/synergy-derived maximum effect,pseudo_lab_model_inference
cellulase,CAZy,germination,(2-amino-1-hydroxyethyl)phosphonate,"3,4-dihydroxybenzoate",10.0,0.888169800746113,0.11183019925388704,0.8630416587959232,7.717429321900499,Hill dose-response with Bliss/synergy-derived maximum effect,pseudo_lab_model_inference
GH13_11,GH,germination,2-hydroxyethylphosphonate,(2-amino-1-hydroxyethyl)phosphonate,0.0,0.0,1.0,1.0,1.0,Hill dose-response with Bliss/synergy-derived maximum effect,pseudo_lab_model_inference
GH13_11,GH,germination,2-hydroxyethylphosphonate,(2-amino-1-hydroxyethyl)phosphonate,0.03,0.007649228213112643,0.9923507717868874,0.9988333326550534,1.0065325296784857,Hill dose-response with Bliss/synergy-derived maximum effect,pseudo_lab_model_inference
GH13_11,GH,germination,2-hydroxyethylphosphonate,(2-amino-1-hydroxyethyl)phosphonate,0.1,0.03703061625913298,0.962969383740867,0.9943520562402985,1.0325894810669043,Hill dose-response with Bliss/synergy-derived maximum effect,pseudo_lab_model_inference
GH13_11,GH,germination,2-hydroxyethylphosphonate,(2-amino-1-hydroxyethyl)phosphonate,0.3,0.14086790341047808,0.8591320965895219,0.9785146973941268,1.1389572119101536,Hill dose-response with Bliss/synergy-derived maximum effect,pseudo_lab_model_inference
GH13_11,GH,germination,2-hydroxyethylphosphonate,(2-amino-1-hydroxyethyl)phosphonate,1.0,0.4258816494607998,0.5741183505392002,0.9350441378665889,1.6286609494164652,Hill dose-response with Bliss/synergy-derived maximum effect,pseudo_lab_model_inference
GH13_11,GH,germination,2-hydroxyethylphosphonate,(2-amino-1-hydroxyethyl)phosphonate,3.0,0.6961988167844526,0.3038011832155474,0.8938151140868602,2.9421054408886125,Hill dose-response with Bliss/synergy-derived maximum effect,pseudo_lab_model_inference
GH13_11,GH,germination,2-hydroxyethylphosphonate,(2-amino-1-hydroxyethyl)phosphonate,10.0,0.8204907269998373,0.17950927300016273,0.8748579972576412,4.873608937499559,Hill dose-response with Bliss/synergy-derived maximum effect,pseudo_lab_model_inference
hydroxycinnamoyl-CoA:shikimate hydroxycinnamoyl transferase 1,BAHD acyltransferase,early_vegetative,2-hydroxyethylphosphonate,4-hydroxybenzoate,0.0,0.0,1.0,1.0,1.0,Hill dose-response with Bliss/synergy-derived maximum effect,pseudo_lab_model_inference
hydroxycinnamoyl-CoA:shikimate hydroxycinnamoyl transferase 1,BAHD acyltransferase,early_vegetative,2-hydroxyethylphosphonate,4-hydroxybenzoate,0.03,0.00333523307770315,0.9966647669222969,0.9994856974539469,1.0028303704768866,Hill dose-response with Bliss/synergy-derived maximum effect,pseudo_lab_model_inference
hydroxycinnamoyl-CoA:shikimate hydroxycinnamoyl transferase 1,BAHD acyltransferase,early_vegetative,2-hydroxyethylphosphonate,4-hydroxybenzoate,0.1,0.02188822719750359,0.9781117728024964,0.9966247723280506,1.0189272842228558,Hill dose-response with Bliss/synergy-derived maximum effect,pseudo_lab_model_inference
hydroxycinnamoyl-CoA:shikimate hydroxycinnamoyl transferase 1,BAHD acyltransferase,early_vegetative,2-hydroxyethylphosphonate,4-hydroxybenzoate,0.3,0.11132584887348868,0.8886741511265113,0.9828332334852633,1.105954564155369,Hill dose-response with Bliss/synergy-derived maximum effect,pseudo_lab_model_inference
hydroxycinnamoyl-CoA:shikimate hydroxycinnamoyl transferase 1,BAHD acyltransferase,early_vegetative,2-hydroxyethylphosphonate,4-hydroxybenzoate,1.0,0.43406149503850966,0.5659385049614903,0.9330664673679561,1.6487064569523278,Hill dose-response with Bliss/synergy-derived maximum effect,pseudo_lab_model_inference
hydroxycinnamoyl-CoA:shikimate hydroxycinnamoyl transferase 1,BAHD acyltransferase,early_vegetative,2-hydroxyethylphosphonate,4-hydroxybenzoate,3.0,0.7466888741818608,0.2533111258181392,0.8848584251371994,3.4931684199787965,Hill dose-response with Bliss/synergy-derived maximum effect,pseudo_lab_model_inference
hydroxycinnamoyl-CoA:shikimate hydroxycinnamoyl transferase 1,BAHD acyltransferase,early_vegetative,2-hydroxyethylphosphonate,4-hydroxybenzoate,10.0,0.8593075437148282,0.1406924562851718,0.8674923019534475,6.16587644326227,Hill dose-response with Bliss/synergy-derived maximum effect,pseudo_lab_model_inference
hydroxycinnamate-CoA shikimate transferase,BAHD acyltransferase,early_vegetative,2-hydroxyethylphosphonate,"3,4-dihydroxybenzoate",0.0,0.0,1.0,1.0,1.0,Hill dose-response with Bliss/synergy-derived maximum effect,pseudo_lab_model_inference
hydroxycinnamate-CoA shikimate transferase,BAHD acyltransferase,early_vegetative,2-hydroxyethylphosphonate,"3,4-dihydroxybenzoate",0.03,0.004745586236287728,0.9952544137637123,0.9992682169350761,1.0040329418446736,Hill dose-response with Bliss/synergy-derived maximum effect,pseudo_lab_model_inference
hydroxycinnamate-CoA shikimate transferase,BAHD acyltransferase,early_vegetative,2-hydroxyethylphosphonate,"3,4-dihydroxybenzoate",0.1,0.02744197426990713,0.9725580257300929,0.9957683685346944,1.0238652524482308,Hill dose-response with Bliss/synergy-derived maximum effect,pseudo_lab_model_inference
hydroxycinnamate-CoA shikimate transferase,BAHD acyltransferase,early_vegetative,2-hydroxyethylphosphonate,"3,4-dihydroxybenzoate",0.3,0.1236803900163488,0.8763196099836512,0.9809281276599557,1.1193725628007527,Hill dose-response with Bliss/synergy-derived maximum effect,pseudo_lab_model_inference
hydroxycinnamate-CoA shikimate transferase,BAHD acyltransferase,early_vegetative,2-hydroxyethylphosphonate,"3,4-dihydroxybenzoate",1.0,0.43370693924865417,0.5662930607513459,0.9331211408918725,1.6477707490426012,Hill dose-response with Bliss/synergy-derived maximum effect,pseudo_lab_model_inference
hydroxycinnamate-CoA shikimate transferase,BAHD acyltransferase,early_vegetative,2-hydroxyethylphosphonate,"3,4-dihydroxybenzoate",3.0,0.732402303940206,0.267597696059794,0.8870614554137849,3.3149069236215447,Hill dose-response with Bliss/synergy-derived maximum effect,pseudo_lab_model_inference
hydroxycinnamate-CoA shikimate transferase,BAHD acyltransferase,early_vegetative,2-hydroxyethylphosphonate,"3,4-dihydroxybenzoate",10.0,0.8520058615632419,0.14799413843675813,0.8686182423700668,5.869274631719625,Hill dose-response with Bliss/synergy-derived maximum effect,pseudo_lab_model_inference
caffeoyl shikimate esterase,BAHD acyltransferase,early_vegetative,2-hydroxyethylphosphonate,"3,4-dihydroxybenzoate",0.0,0.0,1.0,1.0,1.0,Hill dose-response with Bliss/synergy-derived maximum effect,pseudo_lab_model_inference
caffeoyl shikimate esterase,BAHD acyltransferase,early_vegetative,2-hydroxyethylphosphonate,"3,4-dihydroxybenzoate",0.03,0.004745586236287728,0.9952544137637123,0.9992682169350761,1.0040329418446736,Hill dose-response with Bliss/synergy-derived maximum effect,pseudo_lab_model_inference
caffeoyl shikimate esterase,BAHD acyltransferase,early_vegetative,2-hydroxyethylphosphonate,"3,4-dihydroxybenzoate",0.1,0.02744197426990713,0.9725580257300929,0.9957683685346944,1.0238652524482308,Hill dose-response with Bliss/synergy-derived maximum effect,pseudo_lab_model_inference
caffeoyl shikimate esterase,BAHD acyltransferase,early_vegetative,2-hydroxyethylphosphonate,"3,4-dihydroxybenzoate",0.3,0.1236803900163488,0.8763196099836512,0.9809281276599557,1.1193725628007527,Hill dose-response with Bliss/synergy-derived maximum effect,pseudo_lab_model_inference
caffeoyl shikimate esterase,BAHD acyltransferase,early_vegetative,2-hydroxyethylphosphonate,"3,4-dihydroxybenzoate",1.0,0.43370693924865417,0.5662930607513459,0.9331211408918725,1.6477707490426012,Hill dose-response with Bliss/synergy-derived maximum effect,pseudo_lab_model_inference
caffeoyl shikimate esterase,BAHD acyltransferase,early_vegetative,2-hydroxyethylphosphonate,"3,4-dihydroxybenzoate",3.0,0.732402303940206,0.267597696059794,0.8870614554137849,3.3149069236215447,Hill dose-response with Bliss/synergy-derived maximum effect,pseudo_lab_model_inference
caffeoyl shikimate esterase,BAHD acyltransferase,early_vegetative,2-hydroxyethylphosphonate,"3,4-dihydroxybenzoate",10.0,0.8520058615632419,0.14799413843675813,0.8686182423700668,5.869274631719625,Hill dose-response with Bliss/synergy-derived maximum effect,pseudo_lab_model_inference
caffeoylshikimate esterase,BAHD acyltransferase,early_vegetative,2-hydroxyethylphosphonate,"3,4-dihydroxybenzoate",0.0,0.0,1.0,1.0,1.0,Hill dose-response with Bliss/synergy-derived maximum effect,pseudo_lab_model_inference
caffeoylshikimate esterase,BAHD acyltransferase,early_vegetative,2-hydroxyethylphosphonate,"3,4-dihydroxybenzoate",0.03,0.004745586236287728,0.9952544137637123,0.9992682169350761,1.0040329418446736,Hill dose-response with Bliss/synergy-derived maximum effect,pseudo_lab_model_inference
caffeoylshikimate esterase,BAHD acyltransferase,early_vegetative,2-hydroxyethylphosphonate,"3,4-dihydroxybenzoate",0.1,0.02744197426990713,0.9725580257300929,0.9957683685346944,1.0238652524482308,Hill dose-response with Bliss/synergy-derived maximum effect,pseudo_lab_model_inference
caffeoylshikimate esterase,BAHD acyltransferase,early_vegetative,2-hydroxyethylphosphonate,"3,4-dihydroxybenzoate",0.3,0.1236803900163488,0.8763196099836512,0.9809281276599557,1.1193725628007527,Hill dose-response with Bliss/synergy-derived maximum effect,pseudo_lab_model_inference
caffeoylshikimate esterase,BAHD acyltransferase,early_vegetative,2-hydroxyethylphosphonate,"3,4-dihydroxybenzoate",1.0,0.43370693924865417,0.5662930607513459,0.9331211408918725,1.6477707490426012,Hill dose-response with Bliss/synergy-derived maximum effect,pseudo_lab_model_inference
caffeoylshikimate esterase,BAHD acyltransferase,early_vegetative,2-hydroxyethylphosphonate,"3,4-dihydroxybenzoate",3.0,0.732402303940206,0.267597696059794,0.8870614554137849,3.3149069236215447,Hill dose-response with Bliss/synergy-derived maximum effect,pseudo_lab_model_inference
caffeoylshikimate esterase,BAHD acyltransferase,early_vegetative,2-hydroxyethylphosphonate,"3,4-dihydroxybenzoate",10.0,0.8520058615632419,0.14799413843675813,0.8686182423700668,5.869274631719625,Hill dose-response with Bliss/synergy-derived maximum effect,pseudo_lab_model_inference
EPSP synthase,EPSPS,early_vegetative,(2-amino-1-hydroxyethyl)phosphonate,2-(2-hydroxyethylthio)ethanesulfonate,0.0,0.0,1.0,1.0,1.0,Hill dose-response with Bliss/synergy-derived maximum effect,pseudo_lab_model_inference
EPSP synthase,EPSPS,early_vegetative,(2-amino-1-hydroxyethyl)phosphonate,2-(2-hydroxyethylthio)ethanesulfonate,0.03,0.0024616736604025817,0.9975383263395974,0.9996204028319458,1.0020872145333888,Hill dose-response with Bliss/synergy-derived maximum effect,pseudo_lab_model_inference
EPSP synthase,EPSPS,early_vegetative,(2-amino-1-hydroxyethyl)phosphonate,2-(2-hydroxyethylthio)ethanesulfonate,0.1,0.01810068101935356,0.9818993189806464,0.9972088228568543,1.015591724711757,Hill dose-response with Bliss/synergy-derived maximum effect,pseudo_lab_model_inference
EPSP synthase,EPSPS,early_vegetative,(2-amino-1-hydroxyethyl)phosphonate,2-(2-hydroxyethylthio)ethanesulfonate,0.3,0.10270513372870961,0.8972948662712904,0.9841625725882478,1.0968106578809886,Hill dose-response with Bliss/synergy-derived maximum effect,pseudo_lab_model_inference
EPSP synthase,EPSPS,early_vegetative,(2-amino-1-hydroxyethyl)phosphonate,2-(2-hydroxyethylthio)ethanesulfonate,1.0,0.44217140483934964,0.5578285951606503,0.9318158959201264,1.6704340795791772,Hill dose-response with Bliss/synergy-derived maximum effect,pseudo_lab_model_inference
EPSP synthase,EPSPS,early_vegetative,(2-amino-1-hydroxyethyl)phosphonate,2-(2-hydroxyethylthio)ethanesulfonate,3.0,0.7738048034024836,0.2261951965975164,0.8806770707575032,3.8934384284231656,Hill dose-response with Bliss/synergy-derived maximum effect,pseudo_lab_model_inference
EPSP synthase,EPSPS,early_vegetative,(2-amino-1-hydroxyethyl)phosphonate,2-(2-hydroxyethylthio)ethanesulfonate,10.0,0.8825227350941582,0.11747726490584176,0.8639124525830038,7.353869306332856,Hill dose-response with Bliss/synergy-derived maximum effect,pseudo_lab_model_inference
acetolactate synthase,ALS/AHAS,seedling_emergence,(2-amino-1-hydroxyethyl)phosphonate,2-(2-hydroxyethylthio)ethanesulfonate,0.0,0.0,1.0,1.0,1.0,Hill dose-response with Bliss/synergy-derived maximum effect,pseudo_lab_model_inference
acetolactate synthase,ALS/AHAS,seedling_emergence,(2-amino-1-hydroxyethyl)phosphonate,2-(2-hydroxyethylthio)ethanesulfonate,0.03,0.0024616736604025817,0.9975383263395974,0.9996204028319458,1.0020872145333888,Hill dose-response with Bliss/synergy-derived maximum effect,pseudo_lab_model_inference
acetolactate synthase,ALS/AHAS,seedling_emergence,(2-amino-1-hydroxyethyl)phosphonate,2-(2-hydroxyethylthio)ethanesulfonate,0.1,0.01810068101935356,0.9818993189806464,0.9972088228568543,1.015591724711757,Hill dose-response with Bliss/synergy-derived maximum effect,pseudo_lab_model_inference
acetolactate synthase,ALS/AHAS,seedling_emergence,(2-amino-1-hydroxyethyl)phosphonate,2-(2-hydroxyethylthio)ethanesulfonate,0.3,0.10270513372870961,0.8972948662712904,0.9841625725882478,1.0968106578809886,Hill dose-response with Bliss/synergy-derived maximum effect,pseudo_lab_model_inference
acetolactate synthase,ALS/AHAS,seedling_emergence,(2-amino-1-hydroxyethyl)phosphonate,2-(2-hydroxyethylthio)ethanesulfonate,1.0,0.44217140483934964,0.5578285951606503,0.9318158959201264,1.6704340795791772,Hill dose-response with Bliss/synergy-derived maximum effect,pseudo_lab_model_inference
acetolactate synthase,ALS/AHAS,seedling_emergence,(2-amino-1-hydroxyethyl)phosphonate,2-(2-hydroxyethylthio)ethanesulfonate,3.0,0.7738048034024836,0.2261951965975164,0.8806770707575032,3.8934384284231656,Hill dose-response with Bliss/synergy-derived maximum effect,pseudo_lab_model_inference
acetolactate synthase,ALS/AHAS,seedling_emergence,(2-amino-1-hydroxyethyl)phosphonate,2-(2-hydroxyethylthio)ethanesulfonate,10.0,0.8825227350941582,0.11747726490584176,0.8639124525830038,7.353869306332856,Hill dose-response with Bliss/synergy-derived maximum effect,pseudo_lab_model_inference
cellulase,CAZy,germination,(2-amino-1-hydroxyethyl)phosphonate,2-(2-hydroxyethylthio)ethanesulfonate,0.0,0.0,1.0,1.0,1.0,Hill dose-response with Bliss/synergy-derived maximum effect,pseudo_lab_model_inference
cellulase,CAZy,germination,(2-amino-1-hydroxyethyl)phosphonate,2-(2-hydroxyethylthio)ethanesulfonate,0.03,0.0024616736604025817,0.9975383263395974,0.9996204028319458,1.0020872145333888,Hill dose-response with Bliss/synergy-derived maximum effect,pseudo_lab_model_inference
cellulase,CAZy,germination,(2-amino-1-hydroxyethyl)phosphonate,2-(2-hydroxyethylthio)ethanesulfonate,0.1,0.01810068101935356,0.9818993189806464,0.9972088228568543,1.015591724711757,Hill dose-response with Bliss/synergy-derived maximum effect,pseudo_lab_model_inference
cellulase,CAZy,germination,(2-amino-1-hydroxyethyl)phosphonate,2-(2-hydroxyethylthio)ethanesulfonate,0.3,0.10270513372870961,0.8972948662712904,0.9841625725882478,1.0968106578809886,Hill dose-response with Bliss/synergy-derived maximum effect,pseudo_lab_model_inference
cellulase,CAZy,germination,(2-amino-1-hydroxyethyl)phosphonate,2-(2-hydroxyethylthio)ethanesulfonate,1.0,0.44217140483934964,0.5578285951606503,0.9318158959201264,1.6704340795791772,Hill dose-response with Bliss/synergy-derived maximum effect,pseudo_lab_model_inference
cellulase,CAZy,germination,(2-amino-1-hydroxyethyl)phosphonate,2-(2-hydroxyethylthio)ethanesulfonate,3.0,0.7738048034024836,0.2261951965975164,0.8806770707575032,3.8934384284231656,Hill dose-response with Bliss/synergy-derived maximum effect,pseudo_lab_model_inference
cellulase,CAZy,germination,(2-amino-1-hydroxyethyl)phosphonate,2-(2-hydroxyethylthio)ethanesulfonate,10.0,0.8825227350941582,0.11747726490584176,0.8639124525830038,7.353869306332856,Hill dose-response with Bliss/synergy-derived maximum effect,pseudo_lab_model_inference
GH43_13,GH,germination,2-hydroxyethylphosphonate,"3,4-dihydroxybenzoate",0.0,0.0,1.0,1.0,1.0,Hill dose-response with Bliss/synergy-derived maximum effect,pseudo_lab_model_inference
GH43_13,GH,germination,2-hydroxyethylphosphonate,"3,4-dihydroxybenzoate",0.03,0.004491629963094799,0.9955083700369052,0.9993092527970974,1.0038180319468848,Hill dose-response with Bliss/synergy-derived maximum effect,pseudo_lab_model_inference
GH43_13,GH,germination,2-hydroxyethylphosphonate,"3,4-dihydroxybenzoate",0.1,0.025976398722694822,0.9740236012773051,0.9960052085976333,1.0225678384912873,Hill dose-response with Bliss/synergy-derived maximum effect,pseudo_lab_model_inference
GH43_13,GH,germination,2-hydroxyethylphosphonate,"3,4-dihydroxybenzoate",0.3,0.11713167169846325,0.8828683283015367,0.981986856606222,1.1122687552914823,Hill dose-response with Bliss/synergy-derived maximum effect,pseudo_lab_model_inference
GH43_13,GH,germination,2-hydroxyethylphosphonate,"3,4-dihydroxybenzoate",1.0,0.411383395585596,0.588616604414404,0.9367352314958904,1.5914182924347142,Hill dose-response with Bliss/synergy-derived maximum effect,pseudo_lab_model_inference
GH43_13,GH,germination,2-hydroxyethylphosphonate,"3,4-dihydroxybenzoate",3.0,0.6957500421755639,0.3042499578244361,0.8930037871550334,2.9350991321100883,Hill dose-response with Bliss/synergy-derived maximum effect,pseudo_lab_model_inference
GH43_13,GH,germination,2-hydroxyethylphosphonate,"3,4-dihydroxybenzoate",10.0,0.809856239908683,0.19014376009131695,0.8754559175474281,4.604179054453265,Hill dose-response with Bliss/synergy-derived maximum effect,pseudo_lab_model_inference
EPSP synthase,EPSPS,early_vegetative,2-hydroxyethylphosphonate,(2S)-3-carboxy-N-(fluoromethyl)-2-hydroxy-N N-dimethylpropan-1-aminium,0.0,0.0,1.0,1.0,1.0,Hill dose-response with Bliss/synergy-derived maximum effect,pseudo_lab_model_inference
EPSP synthase,EPSPS,early_vegetative,2-hydroxyethylphosphonate,(2S)-3-carboxy-N-(fluoromethyl)-2-hydroxy-N N-dimethylpropan-1-aminium,0.03,0.0031090413225624545,0.9968909586774376,0.9995205768740218,1.002637819285745,Hill dose-response with Bliss/synergy-derived maximum effect,pseudo_lab_model_inference
EPSP synthase,EPSPS,early_vegetative,2-hydroxyethylphosphonate,(2S)-3-carboxy-N-(fluoromethyl)-2-hydroxy-N N-dimethylpropan-1-aminium,0.1,0.02089271490552114,0.9791072850944789,0.9967782831905497,1.0180480713044289,Hill dose-response with Bliss/synergy-derived maximum effect,pseudo_lab_model_inference
EPSP synthase,EPSPS,early_vegetative,2-hydroxyethylphosphonate,(2S)-3-carboxy-N-(fluoromethyl)-2-hydroxy-N N-dimethylpropan-1-aminium,0.3,0.10889466861886637,0.8911053313811337,0.9832081284823252,1.1033579239823876,Hill dose-response with Bliss/synergy-derived maximum effect,pseudo_lab_model_inference
EPSP synthase,EPSPS,early_vegetative,2-hydroxyethylphosphonate,(2S)-3-carboxy-N-(fluoromethyl)-2-hydroxy-N N-dimethylpropan-1-aminium,1.0,0.4366180640965022,0.5633819359034977,0.9326722370562948,1.6554883598824743,Hill dose-response with Bliss/synergy-derived maximum effect,pseudo_lab_model_inference
EPSP synthase,EPSPS,early_vegetative,2-hydroxyethylphosphonate,(2S)-3-carboxy-N-(fluoromethyl)-2-hydroxy-N N-dimethylpropan-1-aminium,3.0,0.7595977530055715,0.24040224699442847,0.8828678388450122,3.6724608437851805,Hill dose-response with Bliss/synergy-derived maximum effect,pseudo_lab_model_inference
EPSP synthase,EPSPS,early_vegetative,2-hydroxyethylphosphonate,(2S)-3-carboxy-N-(fluoromethyl)-2-hydroxy-N N-dimethylpropan-1-aminium,10.0,0.8749313389090424,0.1250686610909576,0.8650830677379695,6.916865185826432,Hill dose-response with Bliss/synergy-derived maximum effect,pseudo_lab_model_inference
acetolactate synthase,ALS/AHAS,seedling_emergence,2-hydroxyethylphosphonate,(2S)-3-carboxy-N-(fluoromethyl)-2-hydroxy-N N-dimethylpropan-1-aminium,0.0,0.0,1.0,1.0,1.0,Hill dose-response with Bliss/synergy-derived maximum effect,pseudo_lab_model_inference
acetolactate synthase,ALS/AHAS,seedling_emergence,2-hydroxyethylphosphonate,(2S)-3-carboxy-N-(fluoromethyl)-2-hydroxy-N N-dimethylpropan-1-aminium,0.03,0.0031090413225624545,0.9968909586774376,0.9995205768740218,1.002637819285745,Hill dose-response with Bliss/synergy-derived maximum effect,pseudo_lab_model_inference
acetolactate synthase,ALS/AHAS,seedling_emergence,2-hydroxyethylphosphonate,(2S)-3-carboxy-N-(fluoromethyl)-2-hydroxy-N N-dimethylpropan-1-aminium,0.1,0.02089271490552114,0.9791072850944789,0.9967782831905497,1.0180480713044289,Hill dose-response with Bliss/synergy-derived maximum effect,pseudo_lab_model_inference
acetolactate synthase,ALS/AHAS,seedling_emergence,2-hydroxyethylphosphonate,(2S)-3-carboxy-N-(fluoromethyl)-2-hydroxy-N N-dimethylpropan-1-aminium,0.3,0.10889466861886637,0.8911053313811337,0.9832081284823252,1.1033579239823876,Hill dose-response with Bliss/synergy-derived maximum effect,pseudo_lab_model_inference
acetolactate synthase,ALS/AHAS,seedling_emergence,2-hydroxyethylphosphonate,(2S)-3-carboxy-N-(fluoromethyl)-2-hydroxy-N N-dimethylpropan-1-aminium,1.0,0.4366180640965022,0.5633819359034977,0.9326722370562948,1.6554883598824743,Hill dose-response with Bliss/synergy-derived maximum effect,pseudo_lab_model_inference
acetolactate synthase,ALS/AHAS,seedling_emergence,2-hydroxyethylphosphonate,(2S)-3-carboxy-N-(fluoromethyl)-2-hydroxy-N N-dimethylpropan-1-aminium,3.0,0.7595977530055715,0.24040224699442847,0.8828678388450122,3.6724608437851805,Hill dose-response with Bliss/synergy-derived maximum effect,pseudo_lab_model_inference
acetolactate synthase,ALS/AHAS,seedling_emergence,2-hydroxyethylphosphonate,(2S)-3-carboxy-N-(fluoromethyl)-2-hydroxy-N N-dimethylpropan-1-aminium,10.0,0.8749313389090424,0.1250686610909576,0.8650830677379695,6.916865185826432,Hill dose-response with Bliss/synergy-derived maximum effect,pseudo_lab_model_inference
cellulase,CAZy,germination,2-hydroxyethylphosphonate,(2S)-3-carboxy-N-(fluoromethyl)-2-hydroxy-N N-dimethylpropan-1-aminium,0.0,0.0,1.0,1.0,1.0,Hill dose-response with Bliss/synergy-derived maximum effect,pseudo_lab_model_inference
cellulase,CAZy,germination,2-hydroxyethylphosphonate,(2S)-3-carboxy-N-(fluoromethyl)-2-hydroxy-N N-dimethylpropan-1-aminium,0.03,0.0031090413225624545,0.9968909586774376,0.9995205768740218,1.002637819285745,Hill dose-response with Bliss/synergy-derived maximum effect,pseudo_lab_model_inference
cellulase,CAZy,germination,2-hydroxyethylphosphonate,(2S)-3-carboxy-N-(fluoromethyl)-2-hydroxy-N N-dimethylpropan-1-aminium,0.1,0.02089271490552114,0.9791072850944789,0.9967782831905497,1.0180480713044289,Hill dose-response with Bliss/synergy-derived maximum effect,pseudo_lab_model_inference
cellulase,CAZy,germination,2-hydroxyethylphosphonate,(2S)-3-carboxy-N-(fluoromethyl)-2-hydroxy-N N-dimethylpropan-1-aminium,0.3,0.10889466861886637,0.8911053313811337,0.9832081284823252,1.1033579239823876,Hill dose-response with Bliss/synergy-derived maximum effect,pseudo_lab_model_inference
cellulase,CAZy,germination,2-hydroxyethylphosphonate,(2S)-3-carboxy-N-(fluoromethyl)-2-hydroxy-N N-dimethylpropan-1-aminium,1.0,0.4366180640965022,0.5633819359034977,0.9326722370562948,1.6554883598824743,Hill dose-response with Bliss/synergy-derived maximum effect,pseudo_lab_model_inference
cellulase,CAZy,germination,2-hydroxyethylphosphonate,(2S)-3-carboxy-N-(fluoromethyl)-2-hydroxy-N N-dimethylpropan-1-aminium,3.0,0.7595977530055715,0.24040224699442847,0.8828678388450122,3.6724608437851805,Hill dose-response with Bliss/synergy-derived maximum effect,pseudo_lab_model_inference
cellulase,CAZy,germination,2-hydroxyethylphosphonate,(2S)-3-carboxy-N-(fluoromethyl)-2-hydroxy-N N-dimethylpropan-1-aminium,10.0,0.8749313389090424,0.1250686610909576,0.8650830677379695,6.916865185826432,Hill dose-response with Bliss/synergy-derived maximum effect,pseudo_lab_model_inference
caffeoylshikimate esterase,BAHD acyltransferase,early_vegetative,2-hydroxyethylphosphonate,2-(2-hydroxyethylthio)ethanesulfonate,0.0,0.0,1.0,1.0,1.0,Hill dose-response with Bliss/synergy-derived maximum effect,pseudo_lab_model_inference
caffeoylshikimate esterase,BAHD acyltransferase,early_vegetative,2-hydroxyethylphosphonate,2-(2-hydroxyethylthio)ethanesulfonate,0.03,0.004504289029720475,0.9954957109702796,0.9993054256592647,1.0038269523886467,Hill dose-response with Bliss/synergy-derived maximum effect,pseudo_lab_model_inference
caffeoylshikimate esterase,BAHD acyltransferase,early_vegetative,2-hydroxyethylphosphonate,2-(2-hydroxyethylthio)ethanesulfonate,0.1,0.026254989686528046,0.9737450103134719,0.9959514049759671,1.0228051434690755,Hill dose-response with Bliss/synergy-derived maximum effect,pseudo_lab_model_inference
caffeoylshikimate esterase,BAHD acyltransferase,early_vegetative,2-hydroxyethylphosphonate,2-(2-hydroxyethylthio)ethanesulfonate,0.3,0.11947669790833358,0.8805233020916664,0.981576349089645,1.1147647617705618,Hill dose-response with Bliss/synergy-derived maximum effect,pseudo_lab_model_inference
caffeoylshikimate esterase,BAHD acyltransferase,early_vegetative,2-hydroxyethylphosphonate,2-(2-hydroxyethylthio)ethanesulfonate,1.0,0.4251605887471142,0.5748394112528858,0.9344390127526994,1.6255653221758952,Hill dose-response with Bliss/synergy-derived maximum effect,pseudo_lab_model_inference
caffeoylshikimate esterase,BAHD acyltransferase,early_vegetative,2-hydroxyethylphosphonate,2-(2-hydroxyethylthio)ethanesulfonate,3.0,0.7247946315623166,0.2752053684376834,0.8882345804045518,3.227533624968805,Hill dose-response with Bliss/synergy-derived maximum effect,pseudo_lab_model_inference
caffeoylshikimate esterase,BAHD acyltransferase,early_vegetative,2-hydroxyethylphosphonate,2-(2-hydroxyethylthio)ethanesulfonate,10.0,0.8454479845027039,0.15455201549729614,0.8696294858994876,5.6267754458025925,Hill dose-response with Bliss/synergy-derived maximum effect,pseudo_lab_model_inference
hydroxycinnamate-CoA shikimate transferase,BAHD acyltransferase,early_vegetative,2-hydroxyethylphosphonate,2-(2-hydroxyethylthio)ethanesulfonate,0.0,0.0,1.0,1.0,1.0,Hill dose-response with Bliss/synergy-derived maximum effect,pseudo_lab_model_inference
hydroxycinnamate-CoA shikimate transferase,BAHD acyltransferase,early_vegetative,2-hydroxyethylphosphonate,2-(2-hydroxyethylthio)ethanesulfonate,0.03,0.004504289029720475,0.9954957109702796,0.9993054256592647,1.0038269523886467,Hill dose-response with Bliss/synergy-derived maximum effect,pseudo_lab_model_inference
hydroxycinnamate-CoA shikimate transferase,BAHD acyltransferase,early_vegetative,2-hydroxyethylphosphonate,2-(2-hydroxyethylthio)ethanesulfonate,0.1,0.026254989686528046,0.9737450103134719,0.9959514049759671,1.0228051434690755,Hill dose-response with Bliss/synergy-derived maximum effect,pseudo_lab_model_inference
hydroxycinnamate-CoA shikimate transferase,BAHD acyltransferase,early_vegetative,2-hydroxyethylphosphonate,2-(2-hydroxyethylthio)ethanesulfonate,0.3,0.11947669790833358,0.8805233020916664,0.981576349089645,1.1147647617705618,Hill dose-response with Bliss/synergy-derived maximum effect,pseudo_lab_model_inference
hydroxycinnamate-CoA shikimate transferase,BAHD acyltransferase,early_vegetative,2-hydroxyethylphosphonate,2-(2-hydroxyethylthio)ethanesulfonate,1.0,0.4251605887471142,0.5748394112528858,0.9344390127526994,1.6255653221758952,Hill dose-response with Bliss/synergy-derived maximum effect,pseudo_lab_model_inference
hydroxycinnamate-CoA shikimate transferase,BAHD acyltransferase,early_vegetative,2-hydroxyethylphosphonate,2-(2-hydroxyethylthio)ethanesulfonate,3.0,0.7247946315623166,0.2752053684376834,0.8882345804045518,3.227533624968805,Hill dose-response with Bliss/synergy-derived maximum effect,pseudo_lab_model_inference
hydroxycinnamate-CoA shikimate transferase,BAHD acyltransferase,early_vegetative,2-hydroxyethylphosphonate,2-(2-hydroxyethylthio)ethanesulfonate,10.0,0.8454479845027039,0.15455201549729614,0.8696294858994876,5.6267754458025925,Hill dose-response with Bliss/synergy-derived maximum effect,pseudo_lab_model_inference
caffeoyl shikimate esterase,BAHD acyltransferase,early_vegetative,2-hydroxyethylphosphonate,2-(2-hydroxyethylthio)ethanesulfonate,0.0,0.0,1.0,1.0,1.0,Hill dose-response with Bliss/synergy-derived maximum effect,pseudo_lab_model_inference
caffeoyl shikimate esterase,BAHD acyltransferase,early_vegetative,2-hydroxyethylphosphonate,2-(2-hydroxyethylthio)ethanesulfonate,0.03,0.004504289029720475,0.9954957109702796,0.9993054256592647,1.0038269523886467,Hill dose-response with Bliss/synergy-derived maximum effect,pseudo_lab_model_inference
caffeoyl shikimate esterase,BAHD acyltransferase,early_vegetative,2-hydroxyethylphosphonate,2-(2-hydroxyethylthio)ethanesulfonate,0.1,0.026254989686528046,0.9737450103134719,0.9959514049759671,1.0228051434690755,Hill dose-response with Bliss/synergy-derived maximum effect,pseudo_lab_model_inference
caffeoyl shikimate esterase,BAHD acyltransferase,early_vegetative,2-hydroxyethylphosphonate,2-(2-hydroxyethylthio)ethanesulfonate,0.3,0.11947669790833358,0.8805233020916664,0.981576349089645,1.1147647617705618,Hill dose-response with Bliss/synergy-derived maximum effect,pseudo_lab_model_inference
caffeoyl shikimate esterase,BAHD acyltransferase,early_vegetative,2-hydroxyethylphosphonate,2-(2-hydroxyethylthio)ethanesulfonate,1.0,0.4251605887471142,0.5748394112528858,0.9344390127526994,1.6255653221758952,Hill dose-response with Bliss/synergy-derived maximum effect,pseudo_lab_model_inference
caffeoyl shikimate esterase,BAHD acyltransferase,early_vegetative,2-hydroxyethylphosphonate,2-(2-hydroxyethylthio)ethanesulfonate,3.0,0.7247946315623166,0.2752053684376834,0.8882345804045518,3.227533624968805,Hill dose-response with Bliss/synergy-derived maximum effect,pseudo_lab_model_inference
caffeoyl shikimate esterase,BAHD acyltransferase,early_vegetative,2-hydroxyethylphosphonate,2-(2-hydroxyethylthio)ethanesulfonate,10.0,0.8454479845027039,0.15455201549729614,0.8696294858994876,5.6267754458025925,Hill dose-response with Bliss/synergy-derived maximum effect,pseudo_lab_model_inference
hydroxycinnamoyl-CoA:shikimate hydroxycinnamoyl transferase 1,BAHD acyltransferase,early_vegetative,2-(2-hydroxyethylthio)ethanesulfonate,4-hydroxybenzoate,0.0,0.0,1.0,1.0,1.0,Hill dose-response with Bliss/synergy-derived maximum effect,pseudo_lab_model_inference
hydroxycinnamoyl-CoA:shikimate hydroxycinnamoyl transferase 1,BAHD acyltransferase,early_vegetative,2-(2-hydroxyethylthio)ethanesulfonate,4-hydroxybenzoate,0.03,0.007856267764556796,0.9921437322354432,0.9987885408846542,1.0066974254166172,Hill dose-response with Bliss/synergy-derived maximum effect,pseudo_lab_model_inference
hydroxycinnamoyl-CoA:shikimate hydroxycinnamoyl transferase 1,BAHD acyltransferase,early_vegetative,2-(2-hydroxyethylthio)ethanesulfonate,4-hydroxybenzoate,0.1,0.03688170889743094,0.9631182911025691,0.9943127342686945,1.0323890050207791,Hill dose-response with Bliss/synergy-derived maximum effect,pseudo_lab_model_inference
hydroxycinnamoyl-CoA:shikimate hydroxycinnamoyl transferase 1,BAHD acyltransferase,early_vegetative,2-(2-hydroxyethylthio)ethanesulfonate,4-hydroxybenzoate,0.3,0.1367515571979763,0.8632484428020237,0.9789125160355873,1.1339870047817622,Hill dose-response with Bliss/synergy-derived maximum effect,pseudo_lab_model_inference
hydroxycinnamoyl-CoA:shikimate hydroxycinnamoyl transferase 1,BAHD acyltransferase,early_vegetative,2-(2-hydroxyethylthio)ethanesulfonate,4-hydroxybenzoate,1.0,0.40801809813370715,0.5919819018662928,0.9370824341756597,1.5829579100668394,Hill dose-response with Bliss/synergy-derived maximum effect,pseudo_lab_model_inference
hydroxycinnamoyl-CoA:shikimate hydroxycinnamoyl transferase 1,BAHD acyltransferase,early_vegetative,2-(2-hydroxyethylthio)ethanesulfonate,4-hydroxybenzoate,3.0,0.6711994356708678,0.3288005643291322,0.8964991139651775,2.7265741340631466,Hill dose-response with Bliss/synergy-derived maximum effect,pseudo_lab_model_inference
hydroxycinnamoyl-CoA:shikimate hydroxycinnamoyl transferase 1,BAHD acyltransferase,early_vegetative,2-(2-hydroxyethylthio)ethanesulfonate,4-hydroxybenzoate,10.0,0.7974981033714155,0.20250189662858453,0.87702349566559,4.330939661637679,Hill dose-response with Bliss/synergy-derived maximum effect,pseudo_lab_model_inference
GH43_13,GH,germination,2-hydroxyethylphosphonate,2-(2-hydroxyethylthio)ethanesulfonate,0.0,0.0,1.0,1.0,1.0,Hill dose-response with Bliss/synergy-derived maximum effect,pseudo_lab_model_inference
GH43_13,GH,germination,2-hydroxyethylphosphonate,2-(2-hydroxyethylthio)ethanesulfonate,0.03,0.004244601426520155,0.9957553985734798,0.9993472421844865,1.0036071545443312,Hill dose-response with Bliss/synergy-derived maximum effect,pseudo_lab_model_inference
GH43_13,GH,germination,2-hydroxyethylphosphonate,2-(2-hydroxyethylthio)ethanesulfonate,0.1,0.024745457342366564,0.9752545426576334,0.9961945094354996,1.021471283507999,Hill dose-response with Bliss/synergy-derived maximum effect,pseudo_lab_model_inference
GH43_13,GH,germination,2-hydroxyethylphosphonate,2-(2-hydroxyethylthio)ethanesulfonate,0.3,0.11268853046186572,0.8873114695381343,0.9826701469499275,1.1074692266306774,Hill dose-response with Bliss/synergy-derived maximum effect,pseudo_lab_model_inference
GH43_13,GH,germination,2-hydroxyethylphosphonate,2-(2-hydroxyethylthio)ethanesulfonate,1.0,0.4019546224994526,0.5980453775005474,0.9381852393303669,1.5687525974222718,Hill dose-response with Bliss/synergy-derived maximum effect,pseudo_lab_model_inference
GH43_13,GH,germination,2-hydroxyethylphosphonate,2-(2-hydroxyethylthio)ethanesulfonate,3.0,0.6868288795082191,0.31317112049178086,0.8943757319077711,2.855869118784993,Hill dose-response with Bliss/synergy-derived maximum effect,pseudo_lab_model_inference
GH43_13,GH,germination,2-hydroxyethylphosphonate,2-(2-hydroxyethylthio)ethanesulfonate,10.0,0.801913735420488,0.19808626457951195,0.8766773589404946,4.425735226021165,Hill dose-response with Bliss/synergy-derived maximum effect,pseudo_lab_model_inference
EPSP synthase,EPSPS,early_vegetative,2-hydroxyethylphosphonate,3-hydroxypropanoic acid,0.0,0.0,1.0,1.0,1.0,Hill dose-response with Bliss/synergy-derived maximum effect,pseudo_lab_model_inference
EPSP synthase,EPSPS,early_vegetative,2-hydroxyethylphosphonate,3-hydroxypropanoic acid,0.03,0.003360874466609586,0.9966391255333904,0.9994817434779303,1.0028522038436114,Hill dose-response with Bliss/synergy-derived maximum effect,pseudo_lab_model_inference
EPSP synthase,EPSPS,early_vegetative,2-hydroxyethylphosphonate,3-hydroxypropanoic acid,0.1,0.021679998200385433,0.9783200017996145,0.9966568818391057,1.0187432333037867,Hill dose-response with Bliss/synergy-derived maximum effect,pseudo_lab_model_inference
EPSP synthase,EPSPS,early_vegetative,2-hydroxyethylphosphonate,3-hydroxypropanoic acid,0.3,0.1087568668027225,0.8912431331972775,0.9832293779192438,1.1032111679693637,Hill dose-response with Bliss/synergy-derived maximum effect,pseudo_lab_model_inference
EPSP synthase,EPSPS,early_vegetative,2-hydroxyethylphosphonate,3-hydroxypropanoic acid,1.0,0.4227291710457427,0.5772708289542573,0.9348139443647339,1.619368063441169,Hill dose-response with Bliss/synergy-derived maximum effect,pseudo_lab_model_inference
EPSP synthase,EPSPS,early_vegetative,2-hydroxyethylphosphonate,3-hydroxypropanoic acid,3.0,0.7339825794271915,0.2660174205728085,0.8868177723824983,3.333683074111974,Hill dose-response with Bliss/synergy-derived maximum effect,pseudo_lab_model_inference
EPSP synthase,EPSPS,early_vegetative,2-hydroxyethylphosphonate,3-hydroxypropanoic acid,10.0,0.8496704951588431,0.15032950484115692,0.8689783625954803,5.780491085324011,Hill dose-response with Bliss/synergy-derived maximum effect,pseudo_lab_model_inference
acetolactate synthase,ALS/AHAS,seedling_emergence,2-hydroxyethylphosphonate,3-hydroxypropanoic acid,0.0,0.0,1.0,1.0,1.0,Hill dose-response with Bliss/synergy-derived maximum effect,pseudo_lab_model_inference
acetolactate synthase,ALS/AHAS,seedling_emergence,2-hydroxyethylphosphonate,3-hydroxypropanoic acid,0.03,0.003360874466609586,0.9966391255333904,0.9994817434779303,1.0028522038436114,Hill dose-response with Bliss/synergy-derived maximum effect,pseudo_lab_model_inference
acetolactate synthase,ALS/AHAS,seedling_emergence,2-hydroxyethylphosphonate,3-hydroxypropanoic acid,0.1,0.021679998200385433,0.9783200017996145,0.9966568818391057,1.0187432333037867,Hill dose-response with Bliss/synergy-derived maximum effect,pseudo_lab_model_inference
acetolactate synthase,ALS/AHAS,seedling_emergence,2-hydroxyethylphosphonate,3-hydroxypropanoic acid,0.3,0.1087568668027225,0.8912431331972775,0.9832293779192438,1.1032111679693637,Hill dose-response with Bliss/synergy-derived maximum effect,pseudo_lab_model_inference
acetolactate synthase,ALS/AHAS,seedling_emergence,2-hydroxyethylphosphonate,3-hydroxypropanoic acid,1.0,0.4227291710457427,0.5772708289542573,0.9348139443647339,1.619368063441169,Hill dose-response with Bliss/synergy-derived maximum effect,pseudo_lab_model_inference
acetolactate synthase,ALS/AHAS,seedling_emergence,2-hydroxyethylphosphonate,3-hydroxypropanoic acid,3.0,0.7339825794271915,0.2660174205728085,0.8868177723824983,3.333683074111974,Hill dose-response with Bliss/synergy-derived maximum effect,pseudo_lab_model_inference
acetolactate synthase,ALS/AHAS,seedling_emergence,2-hydroxyethylphosphonate,3-hydroxypropanoic acid,10.0,0.8496704951588431,0.15032950484115692,0.8689783625954803,5.780491085324011,Hill dose-response with Bliss/synergy-derived maximum effect,pseudo_lab_model_inference
cellulase,CAZy,germination,2-hydroxyethylphosphonate,3-hydroxypropanoic acid,0.0,0.0,1.0,1.0,1.0,Hill dose-response with Bliss/synergy-derived maximum effect,pseudo_lab_model_inference
cellulase,CAZy,germination,2-hydroxyethylphosphonate,3-hydroxypropanoic acid,0.03,0.003360874466609586,0.9966391255333904,0.9994817434779303,1.0028522038436114,Hill dose-response with Bliss/synergy-derived maximum effect,pseudo_lab_model_inference
cellulase,CAZy,germination,2-hydroxyethylphosphonate,3-hydroxypropanoic acid,0.1,0.021679998200385433,0.9783200017996145,0.9966568818391057,1.0187432333037867,Hill dose-response with Bliss/synergy-derived maximum effect,pseudo_lab_model_inference
cellulase,CAZy,germination,2-hydroxyethylphosphonate,3-hydroxypropanoic acid,0.3,0.1087568668027225,0.8912431331972775,0.9832293779192438,1.1032111679693637,Hill dose-response with Bliss/synergy-derived maximum effect,pseudo_lab_model_inference
cellulase,CAZy,germination,2-hydroxyethylphosphonate,3-hydroxypropanoic acid,1.0,0.4227291710457427,0.5772708289542573,0.9348139443647339,1.619368063441169,Hill dose-response with Bliss/synergy-derived maximum effect,pseudo_lab_model_inference
cellulase,CAZy,germination,2-hydroxyethylphosphonate,3-hydroxypropanoic acid,3.0,0.7339825794271915,0.2660174205728085,0.8868177723824983,3.333683074111974,Hill dose-response with Bliss/synergy-derived maximum effect,pseudo_lab_model_inference
cellulase,CAZy,germination,2-hydroxyethylphosphonate,3-hydroxypropanoic acid,10.0,0.8496704951588431,0.15032950484115692,0.8689783625954803,5.780491085324011,Hill dose-response with Bliss/synergy-derived maximum effect,pseudo_lab_model_inference
GH5_21,GH,germination,2-hydroxyethylphosphonate,"3,4-dihydroxybenzoate",0.0,0.0,1.0,1.0,1.0,Hill dose-response with Bliss/synergy-derived maximum effect,pseudo_lab_model_inference
GH5_21,GH,germination,2-hydroxyethylphosphonate,"3,4-dihydroxybenzoate",0.03,0.004370452097196033,0.995629547902804,0.999324740666161,1.0037114133174738,Hill dose-response with Bliss/synergy-derived maximum effect,pseudo_lab_model_inference
GH5_21,GH,germination,2-hydroxyethylphosphonate,"3,4-dihydroxybenzoate",0.1,0.02529318768044483,0.9747068123195551,0.9960920608019659,1.0219401857175074,Hill dose-response with Bliss/synergy-derived maximum effect,pseudo_lab_model_inference
GH5_21,GH,germination,2-hydroxyethylphosphonate,"3,4-dihydroxybenzoate",0.3,0.11438882799342255,0.8856111720065775,0.9823262852282436,1.1092071964297079,Hill dose-response with Bliss/synergy-derived maximum effect,pseudo_lab_model_inference
GH5_21,GH,germination,2-hydroxyethylphosphonate,"3,4-dihydroxybenzoate",1.0,0.4056290188926451,0.594370981107355,0.9373280441035011,1.5770084238587707,Hill dose-response with Bliss/synergy-derived maximum effect,pseudo_lab_model_inference
GH5_21,GH,germination,2-hydroxyethylphosphonate,"3,4-dihydroxybenzoate",3.0,0.6924792476852145,0.3075207523147855,0.8930080767183607,2.903895330628798,Hill dose-response with Bliss/synergy-derived maximum effect,pseudo_lab_model_inference
GH5_21,GH,germination,2-hydroxyethylphosphonate,"3,4-dihydroxybenzoate",10.0,0.8091068868448879,0.19089311315511215,0.8749884530788046,4.583656469407693,Hill dose-response with Bliss/synergy-derived maximum effect,pseudo_lab_model_inference
cellulase,CAZy,germination,2-(2-hydroxyethylthio)ethanesulfonate,(2S)-3-carboxy-N-(fluoromethyl)-2-hydroxy-N N-dimethylpropan-1-aminium,0.0,0.0,1.0,1.0,1.0,Hill dose-response with Bliss/synergy-derived maximum effect,pseudo_lab_model_inference
cellulase,CAZy,germination,2-(2-hydroxyethylthio)ethanesulfonate,(2S)-3-carboxy-N-(fluoromethyl)-2-hydroxy-N N-dimethylpropan-1-aminium,0.03,0.007287697444839618,0.9927123025551604,0.9988762160654371,1.0062091640190327,Hill dose-response with Bliss/synergy-derived maximum effect,pseudo_lab_model_inference
cellulase,CAZy,germination,2-(2-hydroxyethylthio)ethanesulfonate,(2S)-3-carboxy-N-(fluoromethyl)-2-hydroxy-N N-dimethylpropan-1-aminium,0.1,0.035256949236549304,0.9647430507634507,0.9945632768877103,1.0309100190985168,Hill dose-response with Bliss/synergy-derived maximum effect,pseudo_lab_model_inference
cellulase,CAZy,germination,2-(2-hydroxyethylthio)ethanesulfonate,(2S)-3-carboxy-N-(fluoromethyl)-2-hydroxy-N N-dimethylpropan-1-aminium,0.3,0.13465289314729065,0.8653471068527093,0.9792361360763555,1.131610804868654,Hill dose-response with Bliss/synergy-derived maximum effect,pseudo_lab_model_inference
cellulase,CAZy,germination,2-(2-hydroxyethylthio)ethanesulfonate,(2S)-3-carboxy-N-(fluoromethyl)-2-hydroxy-N N-dimethylpropan-1-aminium,1.0,0.4134054805083768,0.5865945194916232,0.9362516842978245,1.5960798357087183,Hill dose-response with Bliss/synergy-derived maximum effect,pseudo_lab_model_inference
cellulase,CAZy,germination,2-(2-hydroxyethylthio)ethanesulfonate,(2S)-3-carboxy-N-(fluoromethyl)-2-hydroxy-N N-dimethylpropan-1-aminium,3.0,0.6869110553818217,0.31308894461817827,0.8940763369562835,2.855662431794382,Hill dose-response with Bliss/synergy-derived maximum effect,pseudo_lab_model_inference
cellulase,CAZy,germination,2-(2-hydroxyethylthio)ethanesulfonate,(2S)-3-carboxy-N-(fluoromethyl)-2-hydroxy-N N-dimethylpropan-1-aminium,10.0,0.8160387793720408,0.18396122062795917,0.8741644700291467,4.75189535623405,Hill dose-response with Bliss/synergy-derived maximum effect,pseudo_lab_model_inference
EPSP synthase,EPSPS,early_vegetative,2-(2-hydroxyethylthio)ethanesulfonate,(2S)-3-carboxy-N-(fluoromethyl)-2-hydroxy-N N-dimethylpropan-1-aminium,0.0,0.0,1.0,1.0,1.0,Hill dose-response with Bliss/synergy-derived maximum effect,pseudo_lab_model_inference
EPSP synthase,EPSPS,early_vegetative,2-(2-hydroxyethylthio)ethanesulfonate,(2S)-3-carboxy-N-(fluoromethyl)-2-hydroxy-N N-dimethylpropan-1-aminium,0.03,0.007287697444839618,0.9927123025551604,0.9988762160654371,1.0062091640190327,Hill dose-response with Bliss/synergy-derived maximum effect,pseudo_lab_model_inference
EPSP synthase,EPSPS,early_vegetative,2-(2-hydroxyethylthio)ethanesulfonate,(2S)-3-carboxy-N-(fluoromethyl)-2-hydroxy-N N-dimethylpropan-1-aminium,0.1,0.035256949236549304,0.9647430507634507,0.9945632768877103,1.0309100190985168,Hill dose-response with Bliss/synergy-derived maximum effect,pseudo_lab_model_inference
EPSP synthase,EPSPS,early_vegetative,2-(2-hydroxyethylthio)ethanesulfonate,(2S)-3-carboxy-N-(fluoromethyl)-2-hydroxy-N N-dimethylpropan-1-aminium,0.3,0.13465289314729065,0.8653471068527093,0.9792361360763555,1.131610804868654,Hill dose-response with Bliss/synergy-derived maximum effect,pseudo_lab_model_inference
EPSP synthase,EPSPS,early_vegetative,2-(2-hydroxyethylthio)ethanesulfonate,(2S)-3-carboxy-N-(fluoromethyl)-2-hydroxy-N N-dimethylpropan-1-aminium,1.0,0.4134054805083768,0.5865945194916232,0.9362516842978245,1.5960798357087183,Hill dose-response with Bliss/synergy-derived maximum effect,pseudo_lab_model_inference
EPSP synthase,EPSPS,early_vegetative,2-(2-hydroxyethylthio)ethanesulfonate,(2S)-3-carboxy-N-(fluoromethyl)-2-hydroxy-N N-dimethylpropan-1-aminium,3.0,0.6869110553818217,0.31308894461817827,0.8940763369562835,2.855662431794382,Hill dose-response with Bliss/synergy-derived maximum effect,pseudo_lab_model_inference
EPSP synthase,EPSPS,early_vegetative,2-(2-hydroxyethylthio)ethanesulfonate,(2S)-3-carboxy-N-(fluoromethyl)-2-hydroxy-N N-dimethylpropan-1-aminium,10.0,0.8160387793720408,0.18396122062795917,0.8741644700291467,4.75189535623405,Hill dose-response with Bliss/synergy-derived maximum effect,pseudo_lab_model_inference
GH43_13,GH,germination,2-hydroxyethylphosphonate,(2-amino-1-hydroxyethyl)phosphonate,0.0,0.0,1.0,1.0,1.0,Hill dose-response with Bliss/synergy-derived maximum effect,pseudo_lab_model_inference
GH43_13,GH,germination,2-hydroxyethylphosphonate,(2-amino-1-hydroxyethyl)phosphonate,0.03,0.007255643656079954,0.99274435634392,0.9988841877888708,1.0061847054639148,Hill dose-response with Bliss/synergy-derived maximum effect,pseudo_lab_model_inference
GH43_13,GH,germination,2-hydroxyethylphosphonate,(2-amino-1-hydroxyethyl)phosphonate,0.1,0.03518774575049468,0.9648122542495053,0.9945886377209813,1.0308623603611233,Hill dose-response with Bliss/synergy-derived maximum effect,pseudo_lab_model_inference
GH43_13,GH,germination,2-hydroxyethylphosphonate,(2-amino-1-hydroxyethyl)phosphonate,0.3,0.13470464759677006,0.86529535240323,0.9792843891171,1.1317342528158534,Hill dose-response with Bliss/synergy-derived maximum effect,pseudo_lab_model_inference
GH43_13,GH,germination,2-hydroxyethylphosphonate,(2-amino-1-hydroxyethyl)phosphonate,1.0,0.4144483173184922,0.5855516826815078,0.9362638912181943,1.5989432169857587,Hill dose-response with Bliss/synergy-derived maximum effect,pseudo_lab_model_inference
GH43_13,GH,germination,2-hydroxyethylphosphonate,(2-amino-1-hydroxyethyl)phosphonate,3.0,0.6890624281828593,0.31093757181714066,0.8940322446854863,2.8752789167957413,Hill dose-response with Bliss/synergy-derived maximum effect,pseudo_lab_model_inference
GH43_13,GH,germination,2-hydroxyethylphosphonate,(2-amino-1-hydroxyethyl)phosphonate,10.0,0.8184983291565141,0.1815016708434859,0.8741268902178791,4.816081781261748,Hill dose-response with Bliss/synergy-derived maximum effect,pseudo_lab_model_inference
hydroxycinnamoyl-CoA:shikimate hydroxycinnamoyl transferase 1,BAHD acyltransferase,early_vegetative,(2-amino-1-hydroxyethyl)phosphonate,4-hydroxybenzoate,0.0,0.0,1.0,1.0,1.0,Hill dose-response with Bliss/synergy-derived maximum effect,pseudo_lab_model_inference
hydroxycinnamoyl-CoA:shikimate hydroxycinnamoyl transferase 1,BAHD acyltransferase,early_vegetative,(2-amino-1-hydroxyethyl)phosphonate,4-hydroxybenzoate,0.03,0.0017738921089048532,0.9982261078910951,0.9997264607279976,1.0015030190305003,Hill dose-response with Bliss/synergy-derived maximum effect,pseudo_lab_model_inference
hydroxycinnamoyl-CoA:shikimate hydroxycinnamoyl transferase 1,BAHD acyltransferase,early_vegetative,(2-amino-1-hydroxyethyl)phosphonate,4-hydroxybenzoate,0.1,0.014300351628456031,0.985699648371544,0.9977948445938793,1.0122706711342726,Hill dose-response with Bliss/synergy-derived maximum effect,pseudo_lab_model_inference
hydroxycinnamoyl-CoA:shikimate hydroxycinnamoyl transferase 1,BAHD acyltransferase,early_vegetative,(2-amino-1-hydroxyethyl)phosphonate,4-hydroxybenzoate,0.3,0.0889615705003281,0.9110384294996718,0.9862818696195264,1.0825908520249548,Hill dose-response with Bliss/synergy-derived maximum effect,pseudo_lab_model_inference
hydroxycinnamoyl-CoA:shikimate hydroxycinnamoyl transferase 1,BAHD acyltransferase,early_vegetative,(2-amino-1-hydroxyethyl)phosphonate,4-hydroxybenzoate,1.0,0.42274235901029383,0.5772576409897061,0.9348119107426187,1.6194015364437395,Hill dose-response with Bliss/synergy-derived maximum effect,pseudo_lab_model_inference
hydroxycinnamoyl-CoA:shikimate hydroxycinnamoyl transferase 1,BAHD acyltransferase,early_vegetative,(2-amino-1-hydroxyethyl)phosphonate,4-hydroxybenzoate,3.0,0.7629534013514062,0.2370465986485938,0.8823503882058172,3.7222655513140035,Hill dose-response with Bliss/synergy-derived maximum effect,pseudo_lab_model_inference
hydroxycinnamoyl-CoA:shikimate hydroxycinnamoyl transferase 1,BAHD acyltransferase,early_vegetative,(2-amino-1-hydroxyethyl)phosphonate,4-hydroxybenzoate,10.0,0.8686759564364768,0.13132404356352323,0.8660476657307408,6.59473804057687,Hill dose-response with Bliss/synergy-derived maximum effect,pseudo_lab_model_inference
GH5_21,GH,germination,2-hydroxyethylphosphonate,2-(2-hydroxyethylthio)ethanesulfonate,0.0,0.0,1.0,1.0,1.0,Hill dose-response with Bliss/synergy-derived maximum effect,pseudo_lab_model_inference
GH5_21,GH,germination,2-hydroxyethylphosphonate,2-(2-hydroxyethylthio)ethanesulfonate,0.03,0.004131660006529993,0.99586833999347,0.9993616353819669,1.0035077883774473,Hill dose-response with Bliss/synergy-derived maximum effect,pseudo_lab_model_inference
GH5_21,GH,germination,2-hydroxyethylphosphonate,2-(2-hydroxyethylthio)ethanesulfonate,0.1,0.02410294934796458,0.9758970506520355,0.9962759592924711,1.020882232021113,Hill dose-response with Bliss/synergy-derived maximum effect,pseudo_lab_model_inference
GH5_21,GH,germination,2-hydroxyethylphosphonate,2-(2-hydroxyethylthio)ethanesulfonate,0.3,0.11007480137898801,0.8899251986210119,0.9829928265088804,1.1045791579248254,Hill dose-response with Bliss/synergy-derived maximum effect,pseudo_lab_model_inference
GH5_21,GH,germination,2-hydroxyethylphosphonate,2-(2-hydroxyethylthio)ethanesulfonate,1.0,0.39633951013751195,0.603660489862488,0.938763325249291,1.5551180523064188,Hill dose-response with Bliss/synergy-derived maximum effect,pseudo_lab_model_inference
GH5_21,GH,germination,2-hydroxyethylphosphonate,2-(2-hydroxyethylthio)ethanesulfonate,3.0,0.6835919026492849,0.31640809735071507,0.8943812213164698,2.826669825472621,Hill dose-response with Bliss/synergy-derived maximum effect,pseudo_lab_model_inference
GH5_21,GH,germination,2-hydroxyethylphosphonate,2-(2-hydroxyethylthio)ethanesulfonate,10.0,0.8011728191921511,0.1988271808078489,0.8762143109806125,4.406914122206491,Hill dose-response with Bliss/synergy-derived maximum effect,pseudo_lab_model_inference
cellulase,CAZy,germination,2-hydroxyethylphosphonate,"1,4-benzoquinone",0.0,0.0,1.0,1.0,1.0,Hill dose-response with Bliss/synergy-derived maximum effect,pseudo_lab_model_inference
cellulase,CAZy,germination,2-hydroxyethylphosphonate,"1,4-benzoquinone",0.03,0.001750554199050103,0.9982494458009499,0.9997300595009104,1.0014832101396987,Hill dose-response with Bliss/synergy-derived maximum effect,pseudo_lab_model_inference
cellulase,CAZy,germination,2-hydroxyethylphosphonate,"1,4-benzoquinone",0.1,0.014068938036924482,0.9859310619630756,0.9978305292361647,1.0120692690718114,Hill dose-response with Bliss/synergy-derived maximum effect,pseudo_lab_model_inference
cellulase,CAZy,germination,2-hydroxyethylphosphonate,"1,4-benzoquinone",0.3,0.08736644362110396,0.9126335563788961,0.9865278427782681,1.0809681891301106,Hill dose-response with Bliss/synergy-derived maximum effect,pseudo_lab_model_inference
cellulase,CAZy,germination,2-hydroxyethylphosphonate,"1,4-benzoquinone",1.0,0.4165377313933214,0.5834622686066786,0.9357686821904834,1.603820388291981,Hill dose-response with Bliss/synergy-derived maximum effect,pseudo_lab_model_inference
cellulase,CAZy,germination,2-hydroxyethylphosphonate,"1,4-benzoquinone",3.0,0.7562468926371085,0.24375310736289146,0.883384551164307,3.6240955478329706,Hill dose-response with Bliss/synergy-derived maximum effect,pseudo_lab_model_inference
cellulase,CAZy,germination,2-hydroxyethylphosphonate,"1,4-benzoquinone",10.0,0.8630064246226296,0.13699357537737045,0.8669219238646876,6.328194015497545,Hill dose-response with Bliss/synergy-derived maximum effect,pseudo_lab_model_inference
EPSP synthase,EPSPS,early_vegetative,2-hydroxyethylphosphonate,"1,4-benzoquinone",0.0,0.0,1.0,1.0,1.0,Hill dose-response with Bliss/synergy-derived maximum effect,pseudo_lab_model_inference
EPSP synthase,EPSPS,early_vegetative,2-hydroxyethylphosphonate,"1,4-benzoquinone",0.03,0.001750554199050103,0.9982494458009499,0.9997300595009104,1.0014832101396987,Hill dose-response with Bliss/synergy-derived maximum effect,pseudo_lab_model_inference
EPSP synthase,EPSPS,early_vegetative,2-hydroxyethylphosphonate,"1,4-benzoquinone",0.1,0.014068938036924482,0.9859310619630756,0.9978305292361647,1.0120692690718114,Hill dose-response with Bliss/synergy-derived maximum effect,pseudo_lab_model_inference
EPSP synthase,EPSPS,early_vegetative,2-hydroxyethylphosphonate,"1,4-benzoquinone",0.3,0.08736644362110396,0.9126335563788961,0.9865278427782681,1.0809681891301106,Hill dose-response with Bliss/synergy-derived maximum effect,pseudo_lab_model_inference
EPSP synthase,EPSPS,early_vegetative,2-hydroxyethylphosphonate,"1,4-benzoquinone",1.0,0.4165377313933214,0.5834622686066786,0.9357686821904834,1.603820388291981,Hill dose-response with Bliss/synergy-derived maximum effect,pseudo_lab_model_inference
EPSP synthase,EPSPS,early_vegetative,2-hydroxyethylphosphonate,"1,4-benzoquinone",3.0,0.7562468926371085,0.24375310736289146,0.883384551164307,3.6240955478329706,Hill dose-response with Bliss/synergy-derived maximum effect,pseudo_lab_model_inference
EPSP synthase,EPSPS,early_vegetative,2-hydroxyethylphosphonate,"1,4-benzoquinone",10.0,0.8630064246226296,0.13699357537737045,0.8669219238646876,6.328194015497545,Hill dose-response with Bliss/synergy-derived maximum effect,pseudo_lab_model_inference
acetolactate synthase,ALS/AHAS,seedling_emergence,2-hydroxyethylphosphonate,"1,4-benzoquinone",0.0,0.0,1.0,1.0,1.0,Hill dose-response with Bliss/synergy-derived maximum effect,pseudo_lab_model_inference
acetolactate synthase,ALS/AHAS,seedling_emergence,2-hydroxyethylphosphonate,"1,4-benzoquinone",0.03,0.001750554199050103,0.9982494458009499,0.9997300595009104,1.0014832101396987,Hill dose-response with Bliss/synergy-derived maximum effect,pseudo_lab_model_inference
acetolactate synthase,ALS/AHAS,seedling_emergence,2-hydroxyethylphosphonate,"1,4-benzoquinone",0.1,0.014068938036924482,0.9859310619630756,0.9978305292361647,1.0120692690718114,Hill dose-response with Bliss/synergy-derived maximum effect,pseudo_lab_model_inference
acetolactate synthase,ALS/AHAS,seedling_emergence,2-hydroxyethylphosphonate,"1,4-benzoquinone",0.3,0.08736644362110396,0.9126335563788961,0.9865278427782681,1.0809681891301106,Hill dose-response with Bliss/synergy-derived maximum effect,pseudo_lab_model_inference
acetolactate synthase,ALS/AHAS,seedling_emergence,2-hydroxyethylphosphonate,"1,4-benzoquinone",1.0,0.4165377313933214,0.5834622686066786,0.9357686821904834,1.603820388291981,Hill dose-response with Bliss/synergy-derived maximum effect,pseudo_lab_model_inference
acetolactate synthase,ALS/AHAS,seedling_emergence,2-hydroxyethylphosphonate,"1,4-benzoquinone",3.0,0.7562468926371085,0.24375310736289146,0.883384551164307,3.6240955478329706,Hill dose-response with Bliss/synergy-derived maximum effect,pseudo_lab_model_inference
acetolactate synthase,ALS/AHAS,seedling_emergence,2-hydroxyethylphosphonate,"1,4-benzoquinone",10.0,0.8630064246226296,0.13699357537737045,0.8669219238646876,6.328194015497545,Hill dose-response with Bliss/synergy-derived maximum effect,pseudo_lab_model_inference
cellulase,CAZy,germination,2-hydroxyethylphosphonate,3-hydroxysalicylate,0.0,0.0,1.0,1.0,1.0,Hill dose-response with Bliss/synergy-derived maximum effect,pseudo_lab_model_inference
cellulase,CAZy,germination,2-hydroxyethylphosphonate,3-hydroxysalicylate,0.03,0.0038099957157271573,0.9961900042842728,0.9994124876878472,1.003234808008227,Hill dose-response with Bliss/synergy-derived maximum effect,pseudo_lab_model_inference
cellulase,CAZy,germination,2-hydroxyethylphosphonate,3-hydroxysalicylate,0.1,0.023257764562734932,0.976742235437265,0.9964135857220643,1.0201397559879173,Hill dose-response with Bliss/synergy-derived maximum effect,pseudo_lab_model_inference
cellulase,CAZy,germination,2-hydroxyethylphosphonate,3-hydroxysalicylate,0.3,0.11095216480104535,0.8890478351989547,0.9828908566454442,1.1055545244373592,Hill dose-response with Bliss/synergy-derived maximum effect,pseudo_lab_model_inference
cellulase,CAZy,germination,2-hydroxyethylphosphonate,3-hydroxysalicylate,1.0,0.4157764373592152,0.5842235626407848,0.9358860759230694,1.6019314107988272,Hill dose-response with Bliss/synergy-derived maximum effect,pseudo_lab_model_inference
cellulase,CAZy,germination,2-hydroxyethylphosphonate,3-hydroxysalicylate,3.0,0.7236015409143619,0.2763984590856381,0.8884185584185675,3.214267407125102,Hill dose-response with Bliss/synergy-derived maximum effect,pseudo_lab_model_inference
cellulase,CAZy,germination,2-hydroxyethylphosphonate,3-hydroxysalicylate,10.0,0.8452855093354225,0.15471449066457754,0.869654540038211,5.621028362001528,Hill dose-response with Bliss/synergy-derived maximum effect,pseudo_lab_model_inference
acetolactate synthase,ALS/AHAS,seedling_emergence,2-hydroxyethylphosphonate,3-hydroxysalicylate,0.0,0.0,1.0,1.0,1.0,Hill dose-response with Bliss/synergy-derived maximum effect,pseudo_lab_model_inference
acetolactate synthase,ALS/AHAS,seedling_emergence,2-hydroxyethylphosphonate,3-hydroxysalicylate,0.03,0.0038099957157271573,0.9961900042842728,0.9994124876878472,1.003234808008227,Hill dose-response with Bliss/synergy-derived maximum effect,pseudo_lab_model_inference
acetolactate synthase,ALS/AHAS,seedling_emergence,2-hydroxyethylphosphonate,3-hydroxysalicylate,0.1,0.023257764562734932,0.976742235437265,0.9964135857220643,1.0201397559879173,Hill dose-response with Bliss/synergy-derived maximum effect,pseudo_lab_model_inference
acetolactate synthase,ALS/AHAS,seedling_emergence,2-hydroxyethylphosphonate,3-hydroxysalicylate,0.3,0.11095216480104535,0.8890478351989547,0.9828908566454442,1.1055545244373592,Hill dose-response with Bliss/synergy-derived maximum effect,pseudo_lab_model_inference
acetolactate synthase,ALS/AHAS,seedling_emergence,2-hydroxyethylphosphonate,3-hydroxysalicylate,1.0,0.4157764373592152,0.5842235626407848,0.9358860759230694,1.6019314107988272,Hill dose-response with Bliss/synergy-derived maximum effect,pseudo_lab_model_inference
acetolactate synthase,ALS/AHAS,seedling_emergence,2-hydroxyethylphosphonate,3-hydroxysalicylate,3.0,0.7236015409143619,0.2763984590856381,0.8884185584185675,3.214267407125102,Hill dose-response with Bliss/synergy-derived maximum effect,pseudo_lab_model_inference
acetolactate synthase,ALS/AHAS,seedling_emergence,2-hydroxyethylphosphonate,3-hydroxysalicylate,10.0,0.8452855093354225,0.15471449066457754,0.869654540038211,5.621028362001528,Hill dose-response with Bliss/synergy-derived maximum effect,pseudo_lab_model_inference
GH157,GH,germination,2-hydroxyethylphosphonate,4-hydroxybenzoate,0.0,0.0,1.0,1.0,1.0,Hill dose-response with Bliss/synergy-derived maximum effect,pseudo_lab_model_inference
GH157,GH,germination,2-hydroxyethylphosphonate,4-hydroxybenzoate,0.03,0.002956104098814813,0.9970438959011851,0.9995428465843287,1.0025063597434543,Hill dose-response with Bliss/synergy-derived maximum effect,pseudo_lab_model_inference
GH157,GH,germination,2-hydroxyethylphosphonate,4-hydroxybenzoate,0.1,0.01942812555259057,0.9805718744474095,0.9969954935078168,1.0167490211461172,Hill dose-response with Bliss/synergy-derived maximum effect,pseudo_lab_model_inference
GH157,GH,germination,2-hydroxyethylphosphonate,4-hydroxybenzoate,0.3,0.099506298686414,0.900493701313586,0.9846116229994928,1.0934131150092452,Hill dose-response with Bliss/synergy-derived maximum effect,pseudo_lab_model_inference
GH157,GH,germination,2-hydroxyethylphosphonate,4-hydroxybenzoate,1.0,0.3980472249272373,0.6019527750727627,0.9384430850906291,1.5589978549018106,Hill dose-response with Bliss/synergy-derived maximum effect,pseudo_lab_model_inference
GH157,GH,germination,2-hydroxyethylphosphonate,4-hydroxybenzoate,3.0,0.7023962278037442,0.2976037721962558,0.891376344011739,2.995178244662564,Hill dose-response with Bliss/synergy-derived maximum effect,pseudo_lab_model_inference
GH157,GH,germination,2-hydroxyethylphosphonate,4-hydroxybenzoate,10.0,0.8159151624309107,0.18408483756908933,0.8738209511793327,4.746838266086835,Hill dose-response with Bliss/synergy-derived maximum effect,pseudo_lab_model_inference
cellulase,CAZy,germination,(2-amino-1-hydroxyethyl)phosphonate,(2S)-3-carboxy-N-(fluoromethyl)-2-hydroxy-N N-dimethylpropan-1-aminium,0.0,0.0,1.0,1.0,1.0,Hill dose-response with Bliss/synergy-derived maximum effect,pseudo_lab_model_inference
cellulase,CAZy,germination,(2-amino-1-hydroxyethyl)phosphonate,(2S)-3-carboxy-N-(fluoromethyl)-2-hydroxy-N N-dimethylpropan-1-aminium,0.03,0.001673968504748169,0.9983260314952518,0.9997418692355385,1.001418211782143,Hill dose-response with Bliss/synergy-derived maximum effect,pseudo_lab_model_inference
cellulase,CAZy,germination,(2-amino-1-hydroxyethyl)phosphonate,(2S)-3-carboxy-N-(fluoromethyl)-2-hydroxy-N N-dimethylpropan-1-aminium,0.1,0.01373588074847401,0.986264119251526,0.9978818876292488,1.0117795711624786,Hill dose-response with Bliss/synergy-derived maximum effect,pseudo_lab_model_inference
cellulase,CAZy,germination,(2-amino-1-hydroxyethyl)phosphonate,(2S)-3-carboxy-N-(fluoromethyl)-2-hydroxy-N N-dimethylpropan-1-aminium,0.3,0.08706660618740346,0.9129333938125965,0.9865740785740765,1.0806638088392642,Hill dose-response with Bliss/synergy-derived maximum effect,pseudo_lab_model_inference
cellulase,CAZy,germination,(2-amino-1-hydroxyethyl)phosphonate,(2S)-3-carboxy-N-(fluoromethyl)-2-hydroxy-N N-dimethylpropan-1-aminium,1.0,0.42416681842733867,0.5758331815726614,0.9345922549980673,1.6230260514783064,Hill dose-response with Bliss/synergy-derived maximum effect,pseudo_lab_model_inference
cellulase,CAZy,germination,(2-amino-1-hydroxyethyl)phosphonate,(2S)-3-carboxy-N-(fluoromethyl)-2-hydroxy-N N-dimethylpropan-1-aminium,3.0,0.7748139998524833,0.22518600014751666,0.8805214497584275,3.9101962341424796,Hill dose-response with Bliss/synergy-derived maximum effect,pseudo_lab_model_inference
cellulase,CAZy,germination,(2-amino-1-hydroxyethyl)phosphonate,(2S)-3-carboxy-N-(fluoromethyl)-2-hydroxy-N N-dimethylpropan-1-aminium,10.0,0.8835455184536722,0.11645448154632776,0.8637547364433505,7.4171017291398345,Hill dose-response with Bliss/synergy-derived maximum effect,pseudo_lab_model_inference
acetolactate synthase,ALS/AHAS,seedling_emergence,(2-amino-1-hydroxyethyl)phosphonate,(2S)-3-carboxy-N-(fluoromethyl)-2-hydroxy-N N-dimethylpropan-1-aminium,0.0,0.0,1.0,1.0,1.0,Hill dose-response with Bliss/synergy-derived maximum effect,pseudo_lab_model_inference
acetolactate synthase,ALS/AHAS,seedling_emergence,(2-amino-1-hydroxyethyl)phosphonate,(2S)-3-carboxy-N-(fluoromethyl)-2-hydroxy-N N-dimethylpropan-1-aminium,0.03,0.001673968504748169,0.9983260314952518,0.9997418692355385,1.001418211782143,Hill dose-response with Bliss/synergy-derived maximum effect,pseudo_lab_model_inference
acetolactate synthase,ALS/AHAS,seedling_emergence,(2-amino-1-hydroxyethyl)phosphonate,(2S)-3-carboxy-N-(fluoromethyl)-2-hydroxy-N N-dimethylpropan-1-aminium,0.1,0.01373588074847401,0.986264119251526,0.9978818876292488,1.0117795711624786,Hill dose-response with Bliss/synergy-derived maximum effect,pseudo_lab_model_inference
acetolactate synthase,ALS/AHAS,seedling_emergence,(2-amino-1-hydroxyethyl)phosphonate,(2S)-3-carboxy-N-(fluoromethyl)-2-hydroxy-N N-dimethylpropan-1-aminium,0.3,0.08706660618740346,0.9129333938125965,0.9865740785740765,1.0806638088392642,Hill dose-response with Bliss/synergy-derived maximum effect,pseudo_lab_model_inference
acetolactate synthase,ALS/AHAS,seedling_emergence,(2-amino-1-hydroxyethyl)phosphonate,(2S)-3-carboxy-N-(fluoromethyl)-2-hydroxy-N N-dimethylpropan-1-aminium,1.0,0.42416681842733867,0.5758331815726614,0.9345922549980673,1.6230260514783064,Hill dose-response with Bliss/synergy-derived maximum effect,pseudo_lab_model_inference
acetolactate synthase,ALS/AHAS,seedling_emergence,(2-amino-1-hydroxyethyl)phosphonate,(2S)-3-carboxy-N-(fluoromethyl)-2-hydroxy-N N-dimethylpropan-1-aminium,3.0,0.7748139998524833,0.22518600014751666,0.8805214497584275,3.9101962341424796,Hill dose-response with Bliss/synergy-derived maximum effect,pseudo_lab_model_inference
acetolactate synthase,ALS/AHAS,seedling_emergence,(2-amino-1-hydroxyethyl)phosphonate,(2S)-3-carboxy-N-(fluoromethyl)-2-hydroxy-N N-dimethylpropan-1-aminium,10.0,0.8835455184536722,0.11645448154632776,0.8637547364433505,7.4171017291398345,Hill dose-response with Bliss/synergy-derived maximum effect,pseudo_lab_model_inference
GH5_21,GH,germination,2-hydroxyethylphosphonate,(2-amino-1-hydroxyethyl)phosphonate,0.0,0.0,1.0,1.0,1.0,Hill dose-response with Bliss/synergy-derived maximum effect,pseudo_lab_model_inference
GH5_21,GH,germination,2-hydroxyethylphosphonate,(2-amino-1-hydroxyethyl)phosphonate,0.03,0.007083340182935357,0.9929166598170647,0.9989055842583533,1.0060316486606158,Hill dose-response with Bliss/synergy-derived maximum effect,pseudo_lab_model_inference
GH5_21,GH,germination,2-hydroxyethylphosphonate,(2-amino-1-hydroxyethyl)phosphonate,0.1,0.03437890791617735,0.9656210920838226,0.994688266124119,1.0301020496327074,Hill dose-response with Bliss/synergy-derived maximum effect,pseudo_lab_model_inference
GH5_21,GH,germination,2-hydroxyethylphosphonate,(2-amino-1-hydroxyethyl)phosphonate,0.3,0.13197488464853663,0.8680251153514633,0.9796091409517038,1.1285493053447655,Hill dose-response with Bliss/synergy-derived maximum effect,pseudo_lab_model_inference
GH5_21,GH,germination,2-hydroxyethylphosphonate,(2-amino-1-hydroxyethyl)phosphonate,1.0,0.4092541907476339,0.5907458092523661,0.9367679347424073,1.5857377573747982,Hill dose-response with Bliss/synergy-derived maximum effect,pseudo_lab_model_inference
GH5_21,GH,germination,2-hydroxyethylphosphonate,(2-amino-1-hydroxyethyl)phosphonate,3.0,0.6857393559185052,0.3142606440814948,0.8940494277555807,2.8449296613919426,Hill dose-response with Bliss/synergy-derived maximum effect,pseudo_lab_model_inference
GH5_21,GH,germination,2-hydroxyethylphosphonate,(2-amino-1-hydroxyethyl)phosphonate,10.0,0.8175597791782843,0.18244022082171574,0.8736824338571949,4.788869635884595,Hill dose-response with Bliss/synergy-derived maximum effect,pseudo_lab_model_inference
EPSP synthase,EPSPS,early_vegetative,(2-amino-1-hydroxyethyl)phosphonate,3-hydroxypropanoic acid,0.0,0.0,1.0,1.0,1.0,Hill dose-response with Bliss/synergy-derived maximum effect,pseudo_lab_model_inference
EPSP synthase,EPSPS,early_vegetative,(2-amino-1-hydroxyethyl)phosphonate,3-hydroxypropanoic acid,0.03,0.0017638846909702201,0.9982361153090298,0.9997280039006645,1.001494524760981,Hill dose-response with Bliss/synergy-derived maximum effect,pseudo_lab_model_inference
EPSP synthase,EPSPS,early_vegetative,(2-amino-1-hydroxyethyl)phosphonate,3-hydroxypropanoic acid,0.1,0.014036161774444299,0.9859638382255557,0.9978355834302348,1.012040751135503,Hill dose-response with Bliss/synergy-derived maximum effect,pseudo_lab_model_inference
EPSP synthase,EPSPS,early_vegetative,(2-amino-1-hydroxyethyl)phosphonate,3-hydroxypropanoic acid,0.3,0.08644913869058765,0.9135508613094123,0.9866692938403919,1.0800376154494313,Hill dose-response with Bliss/synergy-derived maximum effect,pseudo_lab_model_inference
EPSP synthase,EPSPS,early_vegetative,(2-amino-1-hydroxyethyl)phosphonate,3-hydroxypropanoic acid,1.0,0.4112804740672894,0.5887195259327106,0.9365793664110587,1.590875323741356,Hill dose-response with Bliss/synergy-derived maximum effect,pseudo_lab_model_inference
EPSP synthase,EPSPS,early_vegetative,(2-amino-1-hydroxyethyl)phosphonate,3-hydroxypropanoic acid,3.0,0.7510249181184776,0.2489750818815224,0.8841897946743665,3.551318421074436,Hill dose-response with Bliss/synergy-derived maximum effect,pseudo_lab_model_inference
EPSP synthase,EPSPS,early_vegetative,(2-amino-1-hydroxyethyl)phosphonate,3-hydroxypropanoic acid,10.0,0.859752436699982,0.14024756330001797,0.867423698173845,6.184946659773688,Hill dose-response with Bliss/synergy-derived maximum effect,pseudo_lab_model_inference
acetolactate synthase,ALS/AHAS,seedling_emergence,(2-amino-1-hydroxyethyl)phosphonate,3-hydroxypropanoic acid,0.0,0.0,1.0,1.0,1.0,Hill dose-response with Bliss/synergy-derived maximum effect,pseudo_lab_model_inference
acetolactate synthase,ALS/AHAS,seedling_emergence,(2-amino-1-hydroxyethyl)phosphonate,3-hydroxypropanoic acid,0.03,0.0017638846909702201,0.9982361153090298,0.9997280039006645,1.001494524760981,Hill dose-response with Bliss/synergy-derived maximum effect,pseudo_lab_model_inference
acetolactate synthase,ALS/AHAS,seedling_emergence,(2-amino-1-hydroxyethyl)phosphonate,3-hydroxypropanoic acid,0.1,0.014036161774444299,0.9859638382255557,0.9978355834302348,1.012040751135503,Hill dose-response with Bliss/synergy-derived maximum effect,pseudo_lab_model_inference
acetolactate synthase,ALS/AHAS,seedling_emergence,(2-amino-1-hydroxyethyl)phosphonate,3-hydroxypropanoic acid,0.3,0.08644913869058765,0.9135508613094123,0.9866692938403919,1.0800376154494313,Hill dose-response with Bliss/synergy-derived maximum effect,pseudo_lab_model_inference
acetolactate synthase,ALS/AHAS,seedling_emergence,(2-amino-1-hydroxyethyl)phosphonate,3-hydroxypropanoic acid,1.0,0.4112804740672894,0.5887195259327106,0.9365793664110587,1.590875323741356,Hill dose-response with Bliss/synergy-derived maximum effect,pseudo_lab_model_inference
acetolactate synthase,ALS/AHAS,seedling_emergence,(2-amino-1-hydroxyethyl)phosphonate,3-hydroxypropanoic acid,3.0,0.7510249181184776,0.2489750818815224,0.8841897946743665,3.551318421074436,Hill dose-response with Bliss/synergy-derived maximum effect,pseudo_lab_model_inference
acetolactate synthase,ALS/AHAS,seedling_emergence,(2-amino-1-hydroxyethyl)phosphonate,3-hydroxypropanoic acid,10.0,0.859752436699982,0.14024756330001797,0.867423698173845,6.184946659773688,Hill dose-response with Bliss/synergy-derived maximum effect,pseudo_lab_model_inference
cellulase,CAZy,germination,(2-amino-1-hydroxyethyl)phosphonate,3-hydroxypropanoic acid,0.0,0.0,1.0,1.0,1.0,Hill dose-response with Bliss/synergy-derived maximum effect,pseudo_lab_model_inference
cellulase,CAZy,germination,(2-amino-1-hydroxyethyl)phosphonate,3-hydroxypropanoic acid,0.03,0.0017638846909702201,0.9982361153090298,0.9997280039006645,1.001494524760981,Hill dose-response with Bliss/synergy-derived maximum effect,pseudo_lab_model_inference
cellulase,CAZy,germination,(2-amino-1-hydroxyethyl)phosphonate,3-hydroxypropanoic acid,0.1,0.014036161774444299,0.9859638382255557,0.9978355834302348,1.012040751135503,Hill dose-response with Bliss/synergy-derived maximum effect,pseudo_lab_model_inference
cellulase,CAZy,germination,(2-amino-1-hydroxyethyl)phosphonate,3-hydroxypropanoic acid,0.3,0.08644913869058765,0.9135508613094123,0.9866692938403919,1.0800376154494313,Hill dose-response with Bliss/synergy-derived maximum effect,pseudo_lab_model_inference
cellulase,CAZy,germination,(2-amino-1-hydroxyethyl)phosphonate,3-hydroxypropanoic acid,1.0,0.4112804740672894,0.5887195259327106,0.9365793664110587,1.590875323741356,Hill dose-response with Bliss/synergy-derived maximum effect,pseudo_lab_model_inference
cellulase,CAZy,germination,(2-amino-1-hydroxyethyl)phosphonate,3-hydroxypropanoic acid,3.0,0.7510249181184776,0.2489750818815224,0.8841897946743665,3.551318421074436,Hill dose-response with Bliss/synergy-derived maximum effect,pseudo_lab_model_inference
cellulase,CAZy,germination,(2-amino-1-hydroxyethyl)phosphonate,3-hydroxypropanoic acid,10.0,0.859752436699982,0.14024756330001797,0.867423698173845,6.184946659773688,Hill dose-response with Bliss/synergy-derived maximum effect,pseudo_lab_model_inference
GH169,GH,germination,2-hydroxyethylphosphonate,"3,4-dihydroxybenzoate",0.0,0.0,1.0,1.0,1.0,Hill dose-response with Bliss/synergy-derived maximum effect,pseudo_lab_model_inference
GH169,GH,germination,2-hydroxyethylphosphonate,"3,4-dihydroxybenzoate",0.03,0.004173322318555465,0.9958266776814445,0.9993512068233731,1.0035392997806953,Hill dose-response with Bliss/synergy-derived maximum effect,pseudo_lab_model_inference
GH169,GH,germination,2-hydroxyethylphosphonate,"3,4-dihydroxybenzoate",0.1,0.024179718618331708,0.9758202813816683,0.9962409717594587,1.0209266918995337,Hill dose-response with Bliss/synergy-derived maximum effect,pseudo_lab_model_inference
GH169,GH,germination,2-hydroxyethylphosphonate,"3,4-dihydroxybenzoate",0.3,0.10988366176660075,0.8901163382333992,0.9829172624266359,1.1042570731567711,Hill dose-response with Bliss/synergy-derived maximum effect,pseudo_lab_model_inference
GH169,GH,germination,2-hydroxyethylphosphonate,"3,4-dihydroxybenzoate",1.0,0.3959323297756236,0.6040676702243764,0.9384475546443481,1.553547062526569,Hill dose-response with Bliss/synergy-derived maximum effect,pseudo_lab_model_inference
GH169,GH,germination,2-hydroxyethylphosphonate,"3,4-dihydroxybenzoate",3.0,0.686826003787599,0.31317399621240105,0.8932246323735807,2.852167303723957,Hill dose-response with Bliss/synergy-derived maximum effect,pseudo_lab_model_inference
GH169,GH,germination,2-hydroxyethylphosphonate,"3,4-dihydroxybenzoate",10.0,0.8077982100011095,0.19220178999889048,0.8744180471252139,4.549479206880756,Hill dose-response with Bliss/synergy-derived maximum effect,pseudo_lab_model_inference
